Tahun,Kode Provinsi,Provinsi,Kode Kabupaten/Kota,Kabupaten/Kota,No Pasangan,Jabatan,Nama
2018,51,Bali,-,-,1,Gubernur,"Dr. Ir. Wayan Koster, M.M."
2018,51,Bali,-,-,1,Wakil Gubernur,"Dr. Ir. Tjok Oka Artha Ardhana Sukawati, M.Si."
2018,51,Bali,-,-,2,Gubernur,"Ida Bagus Rai Dharmawijaya Mantra, S.E., M.Si"
2018,51,Bali,-,-,2,Wakil Gubernur,Drs. I Ketut Sudikerta
2018,32,Jawa Barat,-,-,1,Gubernur,"H. Mochamad Ridwan Kamil, St., M.U.D"
2018,32,Jawa Barat,-,-,1,Wakil Gubernur,"H. Uu Ruzhanul Ulum, Se"
2018,32,Jawa Barat,-,-,2,Gubernur,"Mayjen Tni (Purn.) Dr. H. Hasanuddin, Se., Mm"
2018,32,Jawa Barat,-,-,2,Wakil Gubernur,"Irjen. Pol (Purn.) Dr. Drs. H. Anton Charliyan, M.P.K.N."
2018,32,Jawa Barat,-,-,3,Gubernur,"Mayjen Tni (Purn) H. Sudrajat, M.Pa"
2018,32,Jawa Barat,-,-,3,Wakil Gubernur,H. Ahmad Syaikhu
2018,32,Jawa Barat,-,-,4,Gubernur,"H. Deddy Mizwar, Se., S.Sn., M.I.Pol"
2018,32,Jawa Barat,-,-,4,Wakil Gubernur,"H. Dedi Mulyadi, Sh"
2018,33,Jawa Tengah,-,-,1,Gubernur,"H. Ganjar Pranowo, S.H, M.Ip"
2018,33,Jawa Tengah,-,-,1,Wakil Gubernur,H. Taj Yasin
2018,33,Jawa Tengah,-,-,2,Gubernur,H. Sudirman Said
2018,33,Jawa Tengah,-,-,2,Wakil Gubernur,Hj. Ida Fauziyah
2018,35,Jawa Timur,-,-,1,Gubernur,Khofifah Indar Parawansa
2018,35,Jawa Timur,-,-,1,Wakil Gubernur,"Dr. Emil Elestianto Dardak, M.Sc."
2018,35,Jawa Timur,-,-,2,Gubernur,Drs. H. Saifullah Yusuf
2018,35,Jawa Timur,-,-,2,Wakil Gubernur,"Hj. Puti Guntur Soekarno, S.Ip"
2018,61,Kalimantan Barat,-,-,1,Gubernur,"Drs. Milton Crosby, M.Si."
2018,61,Kalimantan Barat,-,-,1,Wakil Gubernur,"H. Boyman Harun, S.H."
2018,61,Kalimantan Barat,-,-,2,Gubernur,Dr. Karolin Margret Natasa
2018,61,Kalimantan Barat,-,-,2,Wakil Gubernur,"Suryadman Gidot, M.Pd."
2018,61,Kalimantan Barat,-,-,3,Gubernur,"H. Sutarmidji, S.H., M.Hum."
2018,61,Kalimantan Barat,-,-,3,Wakil Gubernur,"Drs. H. Ria Norsan, M.M., M.H."
2018,64,Kalimantan Timur,-,-,1,Gubernur,"Dr. H. Andi Sofyan Hasdam, Sp.S"
2018,64,Kalimantan Timur,-,-,1,Wakil Gubernur,"H.M. Rizal Effendi, Se"
2018,64,Kalimantan Timur,-,-,2,Gubernur,"H. Syaharie Ja'Ang, Sh,M.Si"
2018,64,Kalimantan Timur,-,-,2,Wakil Gubernur,"H. Awang Ferdian Hidayat, Se, Mm"
2018,64,Kalimantan Timur,-,-,3,Gubernur,"Dr. Ir. H. Isran Noor, M.Si"
2018,64,Kalimantan Timur,-,-,3,Wakil Gubernur,"H. Hadi Mulyadi, S.Si, M.Si"
2018,64,Kalimantan Timur,-,-,4,Gubernur,"Ir. H. Rusmadi, Ms, Ph.D"
2018,64,Kalimantan Timur,-,-,4,Wakil Gubernur,Drs. H. Safaruddin
2018,18,Lampung,-,-,1,Gubernur,"H. Muhammad Ridho Ficardo, M.Si"
2018,18,Lampung,-,-,1,Wakil Gubernur,"Bachtiar Basri, Sh., Mm"
2018,18,Lampung,-,-,2,Gubernur,"Drs. H. Herman Hasanusi, Mm"
2018,18,Lampung,-,-,2,Wakil Gubernur,"Ir. Sutono, Mm"
2018,18,Lampung,-,-,3,Gubernur,Ir. H. Arinal Djunaidi
2018,18,Lampung,-,-,3,Wakil Gubernur,"Hj. Chusnunia, Ph.D"
2018,18,Lampung,-,-,4,Gubernur,Dr. H. Mustafa
2018,18,Lampung,-,-,4,Wakil Gubernur,"H. Ahmad Jajuli Sip.,M.Si"
2018,81,Maluku,-,-,1,Gubernur,Ir.Said Assagaff
2018,81,Maluku,-,-,1,Wakil Gubernur,Ir.Anderias Rentanubun
2018,81,Maluku,-,-,2,Gubernur,Irjen Pol. (Purn) Drs. Murad Ismail
2018,81,Maluku,-,-,2,Wakil Gubernur,Drs. Barnabas Orno
2018,81,Maluku,-,-,3,Gubernur,"Herman Adrian Koedoeboen,Sh.M.Si"
2018,81,Maluku,-,-,3,Wakil Gubernur,"H.Abdullah Vanath,S.Sos,Mmp"
2018,82,Maluku Utara,-,-,1,Gubernur,Ahmad Hidayat Mus
2018,82,Maluku Utara,-,-,1,Wakil Gubernur,Dr. Rivai Umar
2018,82,Maluku Utara,-,-,2,Gubernur,"Dr. H. Burhan Abdurahman, Sh., Mm."
2018,82,Maluku Utara,-,-,2,Wakil Gubernur,"Drs. Ishak Jamaluddin, M.Pd."
2018,82,Maluku Utara,-,-,3,Gubernur,"Kh. Abdul Gani Kasuba, Lc."
2018,82,Maluku Utara,-,-,3,Wakil Gubernur,"Ir. M. Al Yasin Ali, M.Mt."
2018,82,Maluku Utara,-,-,4,Gubernur,"Dr. H. Muhammad Kasuba, M.A."
2018,82,Maluku Utara,-,-,4,Wakil Gubernur,"Drs. A. Madjid Husen, M.M."
2018,52,Nusa Tenggara Barat,-,-,1,Gubernur,"H. Moh. Suhaili Fadil Thohir, Sh"
2018,52,Nusa Tenggara Barat,-,-,1,Wakil Gubernur,"H. Muh. Amin, Sh., M.Si"
2018,52,Nusa Tenggara Barat,-,-,2,Gubernur,Tgh. Ahyar Abduh
2018,52,Nusa Tenggara Barat,-,-,2,Wakil Gubernur,"H. Mori Hanafi, Se."
2018,52,Nusa Tenggara Barat,-,-,3,Gubernur,"Dr. H. Zulkieflimansyah, Se, M.Sc"
2018,52,Nusa Tenggara Barat,-,-,3,Wakil Gubernur,"Dr. Ir. Hj. Sitti Rohmi Djalilah, M.Pd"
2018,52,Nusa Tenggara Barat,-,-,4,Gubernur,H. Moch. Ali Bin Dachlan
2018,52,Nusa Tenggara Barat,-,-,4,Wakil Gubernur,"Tgh. Lalu Gede Muhamad Ali Wirasakti Amir Murni, Lc, Ma."
2018,53,Nusa Tenggara Timur,-,-,1,Gubernur,"Ir. Esthon Leyloh Foenay, M.Si"
2018,53,Nusa Tenggara Timur,-,-,1,Wakil Gubernur,Drs. Christian Rotok
2018,53,Nusa Tenggara Timur,-,-,2,Gubernur,"Marianus Sae, S.Ap"
2018,53,Nusa Tenggara Timur,-,-,2,Wakil Gubernur,Ir. Emelia Julia Nomleni
2018,53,Nusa Tenggara Timur,-,-,3,Gubernur,"Dr. Benediktus Kabur Harman, Sh"
2018,53,Nusa Tenggara Timur,-,-,3,Wakil Gubernur,"Drs. Benny Alexander Litelnoni, Sh., M.Si"
2018,53,Nusa Tenggara Timur,-,-,4,Gubernur,Viktor Bungtilu Laiskodat
2018,53,Nusa Tenggara Timur,-,-,4,Wakil Gubernur,Josef Adreanus Nae Soi
2018,94,Papua,-,-,1,Gubernur,"Lukas Enembe.S.Ip, Mh"
2018,94,Papua,-,-,1,Wakil Gubernur,"Klemen Tinal, Se.,Mm"
2018,94,Papua,-,-,2,Gubernur,"Jhon Wempi Wetipo, Sh,. Mh"
2018,94,Papua,-,-,2,Wakil Gubernur,"Dr. Habel Melkias Suwae, S.Sos,. Mm"
2018,14,Riau,-,-,1,Gubernur,"Drs. H. Syamsuar, M.Si"
2018,14,Riau,-,-,1,Wakil Gubernur,H. Edy Nasution
2018,14,Riau,-,-,2,Gubernur,"Muhamad Lukman Edy, M.Si"
2018,14,Riau,-,-,2,Wakil Gubernur,"Hardianto, Se"
2018,14,Riau,-,-,3,Gubernur,"Dr. H. Firdaus, St.Mt"
2018,14,Riau,-,-,3,Wakil Gubernur,"H. Rusli Effendi, Se, S.Pd.I, M.Si"
2018,14,Riau,-,-,4,Gubernur,"Ir. H. Arsyadjuliandi Rahman, Mba"
2018,14,Riau,-,-,4,Wakil Gubernur,"H. Suyatno, Amp"
2018,73,Sulawesi Selatan,-,-,1,Gubernur,H. A. M. Nurdin Halid
2018,73,Sulawesi Selatan,-,-,1,Wakil Gubernur,Dr. Ir. H. Abd. Aziz Qahhar Mudzakkar
2018,73,Sulawesi Selatan,-,-,2,Gubernur,"Ir. H. Agus Arifin Nu'Mang, Ms"
2018,73,Sulawesi Selatan,-,-,2,Wakil Gubernur,"Mayjen Tni (Purn) Drs. Tanribali Lamo, Sh"
2018,73,Sulawesi Selatan,-,-,3,Gubernur,"Prof. Dr. Ir. H. M. Nurdin Abdullah, M.Agr."
2018,73,Sulawesi Selatan,-,-,3,Wakil Gubernur,"Andi Sudirman Sulaiman, St"
2018,73,Sulawesi Selatan,-,-,4,Gubernur,"H. Ichsan Yasin Limpo, Sh, Mh"
2018,73,Sulawesi Selatan,-,-,4,Wakil Gubernur,"Ir. H. Andi Muzakkar, Mh"
2018,74,Sulawesi Tenggara,-,-,1,Gubernur,"H. Ali Mazi, Sh"
2018,74,Sulawesi Tenggara,-,-,1,Wakil Gubernur,"Dr. H. Lukman Abunawas, Sh, M.Si"
2018,74,Sulawesi Tenggara,-,-,2,Gubernur,"Dr.Ir.H. Asrun, M.Eng.,Sc"
2018,74,Sulawesi Tenggara,-,-,2,Wakil Gubernur,Ir. Hugua
2018,74,Sulawesi Tenggara,-,-,3,Gubernur,Rusda Mahmud
2018,74,Sulawesi Tenggara,-,-,3,Wakil Gubernur,Ir.H.Lm. Sjafei Kahar
2018,16,Sumatera Selatan,-,-,1,Gubernur,"H. Herman Deru, Sh, Mm"
2018,16,Sumatera Selatan,-,-,1,Wakil Gubernur,Ir. H. Mawardi Yahya
2018,16,Sumatera Selatan,-,-,2,Gubernur,"H. Saifudin Aswari Riva'I, S.E"
2018,16,Sumatera Selatan,-,-,2,Wakil Gubernur,"H.M. Irwansyah, S.Sos, M.Si"
2018,16,Sumatera Selatan,-,-,3,Gubernur,"Ir. H. Ishak Mekki, Mm"
2018,16,Sumatera Selatan,-,-,3,Wakil Gubernur,"Yudha Pratomo, M.Sc. Ph.D"
2018,16,Sumatera Selatan,-,-,4,Gubernur,"H. Dodi Reza Alex Noerdin, Lic, Econ. Mba"
2018,16,Sumatera Selatan,-,-,4,Wakil Gubernur,"H.M Giri Ramanda N. Kiemas Se, Mm"
2018,12,Sumatera Utara,-,-,1,Gubernur,Edy Rahmayadi
2018,12,Sumatera Utara,-,-,1,Wakil Gubernur,Musa Rajekshah
2018,12,Sumatera Utara,-,-,2,Gubernur,Djarot Saiful Hidayat
2018,12,Sumatera Utara,-,-,2,Wakil Gubernur,Sihar P.H. Sitorus
2018,11,Aceh,1103,Kab. Aceh Selatan,1,Bupati,"Tgk. Husin Yusuf, S.Pd.I"
2018,11,Aceh,1103,Kab. Aceh Selatan,1,Wakil Bupati,"Dr. Mustafril, St, M.Si"
2018,11,Aceh,1103,Kab. Aceh Selatan,2,Bupati,"H. Azwir, S. Sos"
2018,11,Aceh,1103,Kab. Aceh Selatan,2,Wakil Bupati,Tgk. Amran
2018,11,Aceh,1103,Kab. Aceh Selatan,3,Bupati,"Drs. H. Zulkarnaini, M. Si"
2018,11,Aceh,1103,Kab. Aceh Selatan,3,Wakil Bupati,M. Jasa
2018,11,Aceh,1103,Kab. Aceh Selatan,4,Bupati,"Darman, Sp, M.M."
2018,11,Aceh,1103,Kab. Aceh Selatan,4,Wakil Bupati,"Baital Makmur, Se"
2018,11,Aceh,1103,Kab. Aceh Selatan,5,Bupati,"H. T. Sama Indra, Sh"
2018,11,Aceh,1103,Kab. Aceh Selatan,5,Wakil Bupati,"Drs. H. Harmaini, M.Si"
2018,11,Aceh,1103,Kab. Aceh Selatan,6,Bupati,"H. Mirwan Ms, Se"
2018,11,Aceh,1103,Kab. Aceh Selatan,6,Wakil Bupati,"Zirhan, Sp"
2018,11,Aceh,1103,Kab. Aceh Selatan,7,Bupati,"H. Karman, Se"
2018,11,Aceh,1103,Kab. Aceh Selatan,7,Wakil Bupati,H. Afdhal Yasin
2018,11,Aceh,1175,Kota Subulussalam,1,Walikota,Drh. Jalaluddin
2018,11,Aceh,1175,Kota Subulussalam,1,Wakil Walikota,Wagiman
2018,11,Aceh,1175,Kota Subulussalam,2,Walikota,"Hj. Sartina, Na, Se. M.Si"
2018,11,Aceh,1175,Kota Subulussalam,2,Wakil Walikota,"Dedi Anwar Bancin, Se"
2018,11,Aceh,1175,Kota Subulussalam,3,Walikota,"H. Asmauddin, Se"
2018,11,Aceh,1175,Kota Subulussalam,3,Wakil Walikota,"Hj. Asmidar, S.Pd"
2018,11,Aceh,1175,Kota Subulussalam,4,Walikota,"H. Anasri, St. Mt"
2018,11,Aceh,1175,Kota Subulussalam,4,Wakil Walikota,Sabaruddin S. S.Pd.I
2018,11,Aceh,1175,Kota Subulussalam,5,Walikota,"H. Affan Alfian, Se"
2018,11,Aceh,1175,Kota Subulussalam,5,Wakil Walikota,"Drs. Salmaza, M.Ap"
2018,11,Aceh,1118,Kab. Pidie Jaya,1,Bupati,Ir. H. Yusri Yusuf
2018,11,Aceh,1118,Kab. Pidie Jaya,1,Wakil Bupati,Kolonel (Purn) Saifullah
2018,11,Aceh,1118,Kab. Pidie Jaya,2,Bupati,Aiyub Bin Abbas
2018,11,Aceh,1118,Kab. Pidie Jaya,2,Wakil Bupati,"Said Mulyadi, Se, M.Si"
2018,11,Aceh,1118,Kab. Pidie Jaya,3,Bupati,Muhibbuddin M.Husen
2018,11,Aceh,1118,Kab. Pidie Jaya,3,Wakil Bupati,H. M. Yusuf Ibrahim
2018,11,Aceh,1118,Kab. Pidie Jaya,4,Bupati,Muhammad Yusuf
2018,11,Aceh,1118,Kab. Pidie Jaya,4,Wakil Bupati,Ir.Anwar Ishak
2018,51,Bali,5104,Kab. Gianyar,1,Bupati,"Tjokorda Raka Kerthyasa, S.Sos., M.Si."
2018,51,Bali,5104,Kab. Gianyar,1,Wakil Bupati,"Pande Istri Maharani Prima Dewi,Se.,Mm."
2018,51,Bali,5104,Kab. Gianyar,2,Bupati,"I Made Mahayastra, Sst.Par., Map."
2018,51,Bali,5104,Kab. Gianyar,2,Wakil Bupati,"Anak Agung Gde Mayun, Sh."
2018,51,Bali,5105,Kab. Klungkung,1,Bupati,Tjokorda Bagus Oka
2018,51,Bali,5105,Kab. Klungkung,1,Wakil Bupati,I Ketut Mandia
2018,51,Bali,5105,Kab. Klungkung,2,Bupati,I Nyoman Suwirta
2018,51,Bali,5105,Kab. Klungkung,2,Wakil Bupati,I Made Kasta
2018,36,Banten,3673,Kota Serang,1,Walikota,Vera Nurlaela
2018,36,Banten,3673,Kota Serang,1,Wakil Walikota,"Nurhasan, Se"
2018,36,Banten,3673,Kota Serang,2,Walikota,"Samsul Hidayat, S.Pd.I"
2018,36,Banten,3673,Kota Serang,2,Wakil Walikota,"Rohman, S.Pd.I, M.A."
2018,36,Banten,3673,Kota Serang,3,Walikota,"H. Syafrudin, S.Sos, M.Si"
2018,36,Banten,3673,Kota Serang,3,Wakil Walikota,"H. Subadri Usuludin, Sh"
2018,36,Banten,3671,Kota Tangerang,1,Walikota,H. Arief R Wismansyah
2018,36,Banten,3671,Kota Tangerang,1,Wakil Walikota,Drs. H. Sachrudin
2018,36,Banten,3602,Kab. Lebak,1,Bupati,"Hj. Iti Octavia Jayabaya, Se., Mm"
2018,36,Banten,3602,Kab. Lebak,1,Wakil Bupati,"H. Ade Sumardi, Se"
2018,36,Banten,3603,Kab. Tangerang,1,Bupati,"Ahmed Zaki Iskandar Z, B.Bus,Se,M.Si"
2018,36,Banten,3603,Kab. Tangerang,1,Wakil Bupati,"H. Mad Romli, Sh.,Mm"
2018,17,Bengkulu,1771,Kota Bengkulu,1,Walikota,David Suardi
2018,17,Bengkulu,1771,Kota Bengkulu,1,Wakil Walikota,"Drs. Bakhsir, Mm"
2018,17,Bengkulu,1771,Kota Bengkulu,2,Walikota,"Hj. Erna Sari Dewi, S.E"
2018,17,Bengkulu,1771,Kota Bengkulu,2,Wakil Walikota,"H. Ahmad Zarkasi, S.P., M.Si"
2018,17,Bengkulu,1771,Kota Bengkulu,3,Walikota,"H. Helmi, S.E."
2018,17,Bengkulu,1771,Kota Bengkulu,3,Wakil Walikota,"Dedy Wahyudi, S.E, M.M"
2018,17,Bengkulu,1771,Kota Bengkulu,4,Walikota,Ir. Patriana Sosialinda
2018,17,Bengkulu,1771,Kota Bengkulu,4,Wakil Walikota,"Mirza, S.H., M.Kn"
2018,75,Gorontalo,7505,Kab. Gorontalo Utara,1,Bupati,"Dr. H. Indra Yasin, Sh., Mh"
2018,75,Gorontalo,7505,Kab. Gorontalo Utara,1,Wakil Bupati,"Thariq Modanggu, S.Ag., M.Pd.I"
2018,75,Gorontalo,7505,Kab. Gorontalo Utara,2,Bupati,"H. Idrus M.T. Mopili, Se., Mm"
2018,75,Gorontalo,7505,Kab. Gorontalo Utara,2,Wakil Bupati,Hj. Suhelah
2018,75,Gorontalo,7505,Kab. Gorontalo Utara,3,Bupati,Drs. H. Roni Imran
2018,75,Gorontalo,7505,Kab. Gorontalo Utara,3,Wakil Bupati,Ir. H. Ismail Patamani
2018,75,Gorontalo,7571,Kota Gorontalo,1,Walikota,"H. Adhan Dambea, Sh, S.Sos, Ma"
2018,75,Gorontalo,7571,Kota Gorontalo,1,Wakil Walikota,"Hardi Saleh Hemeto, Se, M.Si"
2018,75,Gorontalo,7571,Kota Gorontalo,2,Walikota,"H. Marten A. Taha, Se., M.Ec Dev"
2018,75,Gorontalo,7571,Kota Gorontalo,2,Wakil Walikota,"Ryan Fahrichsan Kono, B.Com"
2018,75,Gorontalo,7571,Kota Gorontalo,3,Walikota,Drs. H. Rum Pagau
2018,75,Gorontalo,7571,Kota Gorontalo,3,Wakil Walikota,Dr. Rusliyanto Monoarfa
2018,15,Jambi,1501,Kab. Kerinci,1,Bupati,"Monadi, S.Sos, M.Si"
2018,15,Jambi,1501,Kab. Kerinci,1,Wakil Bupati,"Edison, Sh"
2018,15,Jambi,1501,Kab. Kerinci,2,Bupati,"Dr. H. Adirozal, M.Si"
2018,15,Jambi,1501,Kab. Kerinci,2,Wakil Bupati,Ir. H. Ami Taher
2018,15,Jambi,1501,Kab. Kerinci,3,Bupati,"Zainal Abidin, Sh, Mh"
2018,15,Jambi,1501,Kab. Kerinci,3,Wakil Bupati,Arsal Apri
2018,15,Jambi,1571,Kota Jambi,1,Walikota,"Drs. H. Abdullah Sani, M.Pd.I"
2018,15,Jambi,1571,Kota Jambi,1,Wakil Walikota,"Kemas Alfarizi, Se"
2018,15,Jambi,1571,Kota Jambi,2,Walikota,"Dr. H. Syarif Fasha, Me"
2018,15,Jambi,1571,Kota Jambi,2,Wakil Walikota,"Dr. Dr. H. Maulana, Mkm"
2018,15,Jambi,1502,Kab. Merangin,1,Bupati,"Ir. H. Ahmad Fauzi, Mt"
2018,15,Jambi,1502,Kab. Merangin,1,Wakil Bupati,Sujarmin
2018,15,Jambi,1502,Kab. Merangin,2,Bupati,"Dr. H. Al Haris, S.Sos., Mh."
2018,15,Jambi,1502,Kab. Merangin,2,Wakil Bupati,"Mashuri, S.Pd., Mm."
2018,15,Jambi,1502,Kab. Merangin,3,Bupati,"Dr. Drs. H. Nalim.Sh.,Mm."
2018,15,Jambi,1502,Kab. Merangin,3,Wakil Bupati,"Drs. H. Abdul Khafidh.,Mm."
2018,32,Jawa Barat,3217,Kab. Bandung Barat,1,Bupati,"Dra. Hj. Elin Suharliah, M.Si"
2018,32,Jawa Barat,3217,Kab. Bandung Barat,1,Wakil Bupati,"Drs. Maman Sulaeman Sunjaya, M.Si"
2018,32,Jawa Barat,3217,Kab. Bandung Barat,2,Bupati,Ir. H. Doddy Imron Cholid
2018,32,Jawa Barat,3217,Kab. Bandung Barat,2,Wakil Bupati,"Dr. Hj. Pupu Sari Rohayati, Mh. Kes"
2018,32,Jawa Barat,3217,Kab. Bandung Barat,3,Bupati,"Aa Umbara Sutisna, S.Ip"
2018,32,Jawa Barat,3217,Kab. Bandung Barat,3,Wakil Bupati,Hengki Kurniawan
2018,32,Jawa Barat,3201,Kab. Bogor,1,Bupati,"H. Fitri Putra Nugraha, Sos"
2018,32,Jawa Barat,3201,Kab. Bogor,1,Wakil Bupati,H. R. Bayu Syahjohan
2018,32,Jawa Barat,3201,Kab. Bogor,2,Bupati,Ade Yasin
2018,32,Jawa Barat,3201,Kab. Bogor,2,Wakil Bupati,"H. Iwan Setiawan, Se"
2018,32,Jawa Barat,3201,Kab. Bogor,3,Bupati,"H. Ade Ruhandi - Jaro Ade, Se"
2018,32,Jawa Barat,3201,Kab. Bogor,3,Wakil Bupati,"Ingrid Maria Palupi Kansil, S.Sos"
2018,32,Jawa Barat,3201,Kab. Bogor,4,Bupati,Ir. H. Gunawan Hasan
2018,32,Jawa Barat,3201,Kab. Bogor,4,Wakil Bupati,Ficky Rhoma Irama
2018,32,Jawa Barat,3201,Kab. Bogor,5,Bupati,"Ade Wardhana Adinata, Se.,Mm"
2018,32,Jawa Barat,3201,Kab. Bogor,5,Wakil Bupati,"Asep Ruhiyat, S.Sos.,Mm"
2018,32,Jawa Barat,3207,Kab. Ciamis,1,Bupati,H. Herdiat Sunarya
2018,32,Jawa Barat,3207,Kab. Ciamis,1,Wakil Bupati,Yana Diana Putra
2018,32,Jawa Barat,3207,Kab. Ciamis,2,Bupati,H. Iing Syam Arifin
2018,32,Jawa Barat,3207,Kab. Ciamis,2,Wakil Bupati,H. Oih Burhanudin
2018,32,Jawa Barat,3209,Kab. Cirebon,1,Bupati,"Drs. H. Kalinga, Mm"
2018,32,Jawa Barat,3209,Kab. Cirebon,1,Wakil Bupati,Dian Hernawa Susanty
2018,32,Jawa Barat,3209,Kab. Cirebon,2,Bupati,"Dr. H. Sunjaya Purwadisastra, M.M., M.Si."
2018,32,Jawa Barat,3209,Kab. Cirebon,2,Wakil Bupati,Drs. H. Imron
2018,32,Jawa Barat,3209,Kab. Cirebon,3,Bupati,H. Rakhmat
2018,32,Jawa Barat,3209,Kab. Cirebon,3,Wakil Bupati,Drs. H. Yayat Ruhyat
2018,32,Jawa Barat,3209,Kab. Cirebon,4,Bupati,"H. Mohamad Luthfi, St"
2018,32,Jawa Barat,3209,Kab. Cirebon,4,Wakil Bupati,Nurul Qomar
2018,32,Jawa Barat,3205,Kab. Garut,1,Bupati,"H. Rudy Gunawan, Sh., Mh., Mp"
2018,32,Jawa Barat,3205,Kab. Garut,1,Wakil Bupati,Helmi Budiman
2018,32,Jawa Barat,3205,Kab. Garut,2,Bupati,Iman Alirahman
2018,32,Jawa Barat,3205,Kab. Garut,2,Wakil Bupati,"Dedi Hasan, Se"
2018,32,Jawa Barat,3205,Kab. Garut,3,Bupati,"Suryana, S.Ag"
2018,32,Jawa Barat,3205,Kab. Garut,3,Wakil Bupati,"Wiwin Suwindaryati, Sh"
2018,32,Jawa Barat,3205,Kab. Garut,4,Bupati,"H. Agus Hamdani Gs, S.Pd.I"
2018,32,Jawa Barat,3205,Kab. Garut,4,Wakil Bupati,Pradana Aditya Wicaksana
2018,32,Jawa Barat,3273,Kota Bandung,1,Walikota,Nurul Qomaril Arifin
2018,32,Jawa Barat,3273,Kota Bandung,1,Wakil Walikota,Chairul Yaqin Hidayat
2018,32,Jawa Barat,3273,Kota Bandung,2,Walikota,"Dr. H. Yossi Irianto, M.Si"
2018,32,Jawa Barat,3273,Kota Bandung,2,Wakil Walikota,"Aries Supriyatna, Sh., Mh"
2018,32,Jawa Barat,3273,Kota Bandung,3,Walikota,Oded Mohamad Danial
2018,32,Jawa Barat,3273,Kota Bandung,3,Wakil Walikota,H. Yana Mulyana
2018,32,Jawa Barat,3279,Kota Banjar,1,Walikota,"Hj. Ade Uu Sukaesih, S.Ip, M.Si"
2018,32,Jawa Barat,3279,Kota Banjar,1,Wakil Walikota,Nana Suryana
2018,32,Jawa Barat,3279,Kota Banjar,2,Walikota,Maman Suryaman
2018,32,Jawa Barat,3279,Kota Banjar,2,Wakil Walikota,Dr. Hj. Irma Darmawatie Bastaman
2018,32,Jawa Barat,3275,Kota Bekasi,1,Walikota,Dr. Rahmat Effendi
2018,32,Jawa Barat,3275,Kota Bekasi,1,Wakil Walikota,"Dr. Tri Adhianto Tjahyono, Se, Mm"
2018,32,Jawa Barat,3275,Kota Bekasi,2,Walikota,"Dr. Nur Supriyanto, Mm"
2018,32,Jawa Barat,3275,Kota Bekasi,2,Wakil Walikota,"Dr. H. Adhy Firdaus Saady, Mm"
2018,32,Jawa Barat,3271,Kota Bogor,1,Walikota,"Drh. H. Achmad Ru'Yat, M.Si"
2018,32,Jawa Barat,3271,Kota Bogor,1,Wakil Walikota,Zaenul Mutaqin
2018,32,Jawa Barat,3271,Kota Bogor,2,Walikota,"H. Edgar Suratman, Se., Mm"
2018,32,Jawa Barat,3271,Kota Bogor,2,Wakil Walikota,Sefwelly Gynanjar Djoyodiningrat
2018,32,Jawa Barat,3271,Kota Bogor,3,Walikota,Dr. H. Bima Arya Sugiarto
2018,32,Jawa Barat,3271,Kota Bogor,3,Wakil Walikota,"Drs. Dedie A Rachim, Ma"
2018,32,Jawa Barat,3271,Kota Bogor,4,Walikota,"H. Dadang Iskandar Danubrata, S.E"
2018,32,Jawa Barat,3271,Kota Bogor,4,Wakil Walikota,"Sugeng Teguh Santoso, S.H"
2018,32,Jawa Barat,3274,Kota Cirebon,1,Walikota,"Bamunas Setiawan Boediman, Mba"
2018,32,Jawa Barat,3274,Kota Cirebon,1,Wakil Walikota,"Effendi Edo, Sap., M.Si"
2018,32,Jawa Barat,3274,Kota Cirebon,2,Walikota,"Drs. Nashrudin Azis, Sh"
2018,32,Jawa Barat,3274,Kota Cirebon,2,Wakil Walikota,Dra. Hj. Eti Herawati
2018,32,Jawa Barat,3272,Kota Sukabumi,1,Walikota,"Jona Arizona, S.Ip., Mm."
2018,32,Jawa Barat,3272,Kota Sukabumi,1,Wakil Walikota,"Dr. H. Muhamad Noor Hanafie Zain, M.Si."
2018,32,Jawa Barat,3272,Kota Sukabumi,2,Walikota,H. Achmad Fahmi
2018,32,Jawa Barat,3272,Kota Sukabumi,2,Wakil Walikota,H. Andri Setiawan Hamami
2018,32,Jawa Barat,3272,Kota Sukabumi,3,Walikota,"Dr. H. Mulyono, Mm."
2018,32,Jawa Barat,3272,Kota Sukabumi,3,Wakil Walikota,Hj. Ima Slamet
2018,32,Jawa Barat,3272,Kota Sukabumi,4,Walikota,"Dedi Rantjani Widjaja, Se., Mm."
2018,32,Jawa Barat,3272,Kota Sukabumi,4,Wakil Walikota,"Hikmat Nuristawan, Se., Mm."
2018,32,Jawa Barat,3208,Kab. Kuningan,1,Bupati,Dr. Toto Taufikurohman Kosim
2018,32,Jawa Barat,3208,Kab. Kuningan,1,Wakil Bupati,"H. Yosa Octora Santono, S.Si,. M.M."
2018,32,Jawa Barat,3208,Kab. Kuningan,2,Bupati,"H. Dudy Pamuji, S.E, M.Si"
2018,32,Jawa Barat,3208,Kab. Kuningan,2,Wakil Bupati,"H. Udin Kusnedi, S.E., M.Si."
2018,32,Jawa Barat,3208,Kab. Kuningan,3,Bupati,"H. Acep Purnama, S.H., M.H."
2018,32,Jawa Barat,3208,Kab. Kuningan,3,Wakil Bupati,"Muhammad Ridho Suganda, S.H., M.Si."
2018,32,Jawa Barat,3210,Kab. Majalengka,1,Bupati,Maman Imanul Haq
2018,32,Jawa Barat,3210,Kab. Majalengka,1,Wakil Bupati,Jefry Romdonny
2018,32,Jawa Barat,3210,Kab. Majalengka,2,Bupati,"Dr. H. Karna Sobahi, M.M.Pd."
2018,32,Jawa Barat,3210,Kab. Majalengka,2,Wakil Bupati,Tarsono D. Mardiana
2018,32,Jawa Barat,3210,Kab. Majalengka,3,Bupati,"Dr. H. Sanwasi, Mm."
2018,32,Jawa Barat,3210,Kab. Majalengka,3,Wakil Bupati,Drs. H.M. Taufan Ansyar
2018,32,Jawa Barat,3214,Kab. Purwakarta,1,Bupati,"Drs. H. Padil Karsoma, M.Si"
2018,32,Jawa Barat,3214,Kab. Purwakarta,1,Wakil Bupati,Acep Maman
2018,32,Jawa Barat,3214,Kab. Purwakarta,2,Bupati,Hj. Anne Ratna Mustika
2018,32,Jawa Barat,3214,Kab. Purwakarta,2,Wakil Bupati,H. Aming
2018,32,Jawa Barat,3214,Kab. Purwakarta,3,Bupati,"H. Zainal Arifin, Mt. Ir"
2018,32,Jawa Barat,3214,Kab. Purwakarta,3,Wakil Bupati,"Luthfi, A. Md"
2018,32,Jawa Barat,3213,Kab. Subang,1,Bupati,H. Ruhimat
2018,32,Jawa Barat,3213,Kab. Subang,1,Wakil Bupati,"Ir. Agus Masykur Rosyadi, S.Si"
2018,32,Jawa Barat,3213,Kab. Subang,2,Bupati,"Hj. Imas Aryumningsih, Se"
2018,32,Jawa Barat,3213,Kab. Subang,2,Wakil Bupati,Sutarno
2018,32,Jawa Barat,3213,Kab. Subang,3,Bupati,"Drs. Dedi Junaedi, Sh"
2018,32,Jawa Barat,3213,Kab. Subang,3,Wakil Bupati,"Dr. Drs. H. Budi Setiadi, M.Si"
2018,32,Jawa Barat,3211,Kab. Sumedang,1,Bupati,"H. Dony Ahmad Munir, S.T., M.M."
2018,32,Jawa Barat,3211,Kab. Sumedang,1,Wakil Bupati,"Erwan Setiawan, S.E."
2018,32,Jawa Barat,3211,Kab. Sumedang,2,Bupati,"H. Setya Widodo, S.H."
2018,32,Jawa Barat,3211,Kab. Sumedang,2,Wakil Bupati,"Sonia Sugian, S.H."
2018,32,Jawa Barat,3211,Kab. Sumedang,3,Bupati,"Drs. H. Zaenal Alimin, M.M."
2018,32,Jawa Barat,3211,Kab. Sumedang,3,Wakil Bupati,"Asep Kurnia, S.H., M.H."
2018,32,Jawa Barat,3211,Kab. Sumedang,4,Bupati,Irwansyah Putra
2018,32,Jawa Barat,3211,Kab. Sumedang,4,Wakil Bupati,"Sidik Jafar, S.E."
2018,32,Jawa Barat,3211,Kab. Sumedang,5,Bupati,"Ir. H. Eka Setiawan, Dipl., S.E., M.M."
2018,32,Jawa Barat,3211,Kab. Sumedang,5,Wakil Bupati,"Mohamad Agung Anugrah, S.E., Ak."
2018,33,Jawa Tengah,3302,Kab. Banyumas,1,Bupati,"Drs. H. Mardjoko, Mm"
2018,33,Jawa Tengah,3302,Kab. Banyumas,1,Wakil Bupati,"Dr. Ir. H. Ifan Haryanto, M.Sc"
2018,33,Jawa Tengah,3302,Kab. Banyumas,2,Bupati,Ir. H. Achmad Husein
2018,33,Jawa Tengah,3302,Kab. Banyumas,2,Wakil Bupati,Drs. H. Sadewo Tri Lastiono
2018,33,Jawa Tengah,3313,Kab. Karanganyar,1,Bupati,"H. Rohadi Widodo, Sp."
2018,33,Jawa Tengah,3313,Kab. Karanganyar,1,Wakil Bupati,"Ida Retno Wahyuningsih, Se"
2018,33,Jawa Tengah,3313,Kab. Karanganyar,2,Bupati,"Drs. H. Juliyatmono, Mm."
2018,33,Jawa Tengah,3313,Kab. Karanganyar,2,Wakil Bupati,"H. Rober Christanto, Se"
2018,33,Jawa Tengah,3376,Kota Tegal,1,Walikota,H.M. Nursholeh
2018,33,Jawa Tengah,3376,Kota Tegal,1,Wakil Walikota,H. Wartono
2018,33,Jawa Tengah,3376,Kota Tegal,2,Walikota,H. A. Ghautsun
2018,33,Jawa Tengah,3376,Kota Tegal,2,Wakil Walikota,Dr. H. Muslih Dahlan
2018,33,Jawa Tengah,3376,Kota Tegal,3,Walikota,"H. Dedy Yon Supriyono, S.E., M.M."
2018,33,Jawa Tengah,3376,Kota Tegal,3,Wakil Walikota,"Muhamad Jumadi, S.T., M.M."
2018,33,Jawa Tengah,3376,Kota Tegal,4,Walikota,"K. H. Habib Ali Zaenal Abidin, S.E., M.H."
2018,33,Jawa Tengah,3376,Kota Tegal,4,Wakil Walikota,"Hj. Tanty Prasetyo Ningrum, S.H., M.M."
2018,33,Jawa Tengah,3376,Kota Tegal,5,Walikota,"Herujito, S.I.P."
2018,33,Jawa Tengah,3376,Kota Tegal,5,Wakil Walikota,Sugono
2018,33,Jawa Tengah,3319,Kab. Kudus,1,Bupati,"Masan, Se, Mm"
2018,33,Jawa Tengah,3319,Kab. Kudus,1,Wakil Bupati,"Drs. H. Noor Yasin, Mm"
2018,33,Jawa Tengah,3319,Kab. Kudus,2,Bupati,"H. Nor Hartoyo, Sh"
2018,33,Jawa Tengah,3319,Kab. Kudus,2,Wakil Bupati,"Junaidi, Sh"
2018,33,Jawa Tengah,3319,Kab. Kudus,3,Bupati,"Hj. Sri Hartini, St"
2018,33,Jawa Tengah,3319,Kab. Kudus,3,Wakil Bupati,"H. Setia Budi Wibowo, S.Ag, Mm"
2018,33,Jawa Tengah,3319,Kab. Kudus,4,Bupati,"H. Akhwan, Sh"
2018,33,Jawa Tengah,3319,Kab. Kudus,4,Wakil Bupati,"H. Hadi Sucipto, S.Pd, Mm"
2018,33,Jawa Tengah,3319,Kab. Kudus,5,Bupati,"Ir. H. Muhammad Tamzil, Mt"
2018,33,Jawa Tengah,3319,Kab. Kudus,5,Wakil Bupati,"Hm. Hartopo, St, Mm, Mh"
2018,33,Jawa Tengah,3308,Kab. Magelang,1,Bupati,"Zaenal Arifin, S.Ip"
2018,33,Jawa Tengah,3308,Kab. Magelang,1,Wakil Bupati,"Edi Cahyana, Se"
2018,33,Jawa Tengah,3308,Kab. Magelang,2,Bupati,"H.M. Zaenal Arifin, Sh"
2018,33,Jawa Tengah,3308,Kab. Magelang,2,Wakil Bupati,"H. Rohadi Pratoto, Sh, M.Si"
2018,33,Jawa Tengah,3328,Kab. Tegal,1,Bupati,H. Rusbandi
2018,33,Jawa Tengah,3328,Kab. Tegal,1,Wakil Bupati,"H. Fatchuddin, Se"
2018,33,Jawa Tengah,3328,Kab. Tegal,2,Bupati,"Drs. H. Haron Bagas Prakosa, M.Hum"
2018,33,Jawa Tengah,3328,Kab. Tegal,2,Wakil Bupati,"H. Drajat Adi Prayitno, S.Kom, Mm"
2018,33,Jawa Tengah,3328,Kab. Tegal,3,Bupati,Dra. Hj. Umi Azizah
2018,33,Jawa Tengah,3328,Kab. Tegal,3,Wakil Bupati,"Sabilillah Ardie, B.Sc"
2018,33,Jawa Tengah,3323,Kab. Temanggung,1,Bupati,Drs. H M Bambang Sukarno
2018,33,Jawa Tengah,3323,Kab. Temanggung,1,Wakil Bupati,Matoha
2018,33,Jawa Tengah,3323,Kab. Temanggung,2,Bupati,Haryo Dewandono
2018,33,Jawa Tengah,3323,Kab. Temanggung,2,Wakil Bupati,Irawan Prasetyadi
2018,33,Jawa Tengah,3323,Kab. Temanggung,3,Bupati,H.M. Al Khadziq
2018,33,Jawa Tengah,3323,Kab. Temanggung,3,Wakil Bupati,Drs.R.Heri Ibnu Wibowo
2018,35,Jawa Timur,3526,Kab. Bangkalan,1,Bupati,"Dr. H. Moch. Farid Al Fauzi, St, Mm"
2018,35,Jawa Timur,3526,Kab. Bangkalan,1,Wakil Bupati,"Drs. Ec. Sudarmawan, Mm"
2018,35,Jawa Timur,3526,Kab. Bangkalan,2,Bupati,"H. Imam Buchori, Sh"
2018,35,Jawa Timur,3526,Kab. Bangkalan,2,Wakil Bupati,Ir. H. Mondir A. Rofii
2018,35,Jawa Timur,3526,Kab. Bangkalan,3,Bupati,R. Abdul Latif Amin Imron
2018,35,Jawa Timur,3526,Kab. Bangkalan,3,Wakil Bupati,"Drs. Mohni, Mm"
2018,35,Jawa Timur,3522,Kab. Bojonegoro,1,Bupati,"Drs. H. Soehadi Moeljono, Mm."
2018,35,Jawa Timur,3522,Kab. Bojonegoro,1,Wakil Bupati,"Hj. Mitro'Atin, S.Pd."
2018,35,Jawa Timur,3522,Kab. Bojonegoro,2,Bupati,"Dra. Mahfudhoh, M.Si."
2018,35,Jawa Timur,3522,Kab. Bojonegoro,2,Wakil Bupati,"Drs. H. Kuswiyanto, M.Si."
2018,35,Jawa Timur,3522,Kab. Bojonegoro,3,Bupati,Dr. Hj. Anna Mu'Awanah
2018,35,Jawa Timur,3522,Kab. Bojonegoro,3,Wakil Bupati,"Drs. H. Budi Irawanto, M.Pd."
2018,35,Jawa Timur,3522,Kab. Bojonegoro,4,Bupati,"Drs. H. Basuki, M.Pd., M.Pd.I."
2018,35,Jawa Timur,3522,Kab. Bojonegoro,4,Wakil Bupati,"Pudji Dewanto, Sh., Mm."
2018,35,Jawa Timur,3511,Kab. Bondowoso,1,Bupati,Drs. Kh. Salwa Arifin
2018,35,Jawa Timur,3511,Kab. Bondowoso,1,Wakil Bupati,"H. Irwan Bachtiar Rachmat,Se.M.Si"
2018,35,Jawa Timur,3511,Kab. Bondowoso,2,Bupati,H. Ahmad Dhafir
2018,35,Jawa Timur,3511,Kab. Bondowoso,2,Wakil Bupati,Drs. Hidayat.M.Si
2018,35,Jawa Timur,3517,Kab. Jombang,1,Bupati,Hj. Mundjidah Wahab
2018,35,Jawa Timur,3517,Kab. Jombang,1,Wakil Bupati,Sumrambah
2018,35,Jawa Timur,3517,Kab. Jombang,2,Bupati,Drs. Ec. H. Nyono Suharli Wihandoko
2018,35,Jawa Timur,3517,Kab. Jombang,2,Wakil Bupati,"Drs. M. Subaidi, M.Si."
2018,35,Jawa Timur,3517,Kab. Jombang,3,Bupati,"Dr.Syafiin, Sh, Mm, Mh"
2018,35,Jawa Timur,3517,Kab. Jombang,3,Wakil Bupati,"H. Choirul Anam, St"
2018,35,Jawa Timur,3571,Kota Kediri,1,Walikota,Aizzudin
2018,35,Jawa Timur,3571,Kota Kediri,1,Wakil Walikota,Sudjono Teguh Widjaja
2018,35,Jawa Timur,3571,Kota Kediri,2,Walikota,Abdullah Abu Bakar
2018,35,Jawa Timur,3571,Kota Kediri,2,Wakil Walikota,Lilik Muhibbah
2018,35,Jawa Timur,3571,Kota Kediri,3,Walikota,"Dr. Samsul Ashar, Sp.Pd"
2018,35,Jawa Timur,3571,Kota Kediri,3,Wakil Walikota,"Teguh Juniadi, Se"
2018,35,Jawa Timur,3577,Kota Madiun,1,Walikota,"Drs. H. Maidi, Sh, Mm, M.Pd"
2018,35,Jawa Timur,3577,Kota Madiun,1,Wakil Walikota,"Inda Raya Ayu Miko Saputri, S.E., Mib"
2018,35,Jawa Timur,3577,Kota Madiun,2,Walikota,Dr. Harryadin Mahardika
2018,35,Jawa Timur,3577,Kota Madiun,2,Wakil Walikota,"Arief Rahman, S.T., M.M."
2018,35,Jawa Timur,3577,Kota Madiun,3,Walikota,"Yusuf Rohana, St"
2018,35,Jawa Timur,3577,Kota Madiun,3,Wakil Walikota,"Bambang Wahyudi, St"
2018,35,Jawa Timur,3573,Kota Malang,1,Walikota,"Ya'Qud Ananda Gudban, Ss, Mm."
2018,35,Jawa Timur,3573,Kota Malang,1,Wakil Walikota,H. Wanedi
2018,35,Jawa Timur,3573,Kota Malang,2,Walikota,H. Anton
2018,35,Jawa Timur,3573,Kota Malang,2,Wakil Walikota,"H. Syamsul Mahmud, Se"
2018,35,Jawa Timur,3573,Kota Malang,3,Walikota,Sutiaji
2018,35,Jawa Timur,3573,Kota Malang,3,Wakil Walikota,Sofyan Edi Jarwoko
2018,35,Jawa Timur,3576,Kota Mojokerto,1,Walikota,"Dr. H. Akmal Boedianto, Sh, M.Si"
2018,35,Jawa Timur,3576,Kota Mojokerto,1,Wakil Walikota,Rambo Garudo
2018,35,Jawa Timur,3576,Kota Mojokerto,2,Walikota,Andy Soebjakto Molanggato
2018,35,Jawa Timur,3576,Kota Mojokerto,2,Wakil Walikota,"Ade Ria Suryani, Sh., Mh"
2018,35,Jawa Timur,3576,Kota Mojokerto,3,Walikota,Warsito
2018,35,Jawa Timur,3576,Kota Mojokerto,3,Wakil Walikota,Moeljadi
2018,35,Jawa Timur,3576,Kota Mojokerto,4,Walikota,"Hj. Ika Puspitasari, Se"
2018,35,Jawa Timur,3576,Kota Mojokerto,4,Wakil Walikota,Achmad Rizal Zakaria
2018,35,Jawa Timur,3574,Kota Probolinggo,1,Walikota,Suwito
2018,35,Jawa Timur,3574,Kota Probolinggo,1,Wakil Walikota,Ferry Rahyuwono
2018,35,Jawa Timur,3574,Kota Probolinggo,2,Walikota,"H. Fernanda Zulkarnain, Bsee.Mscs."
2018,35,Jawa Timur,3574,Kota Probolinggo,2,Wakil Walikota,Ir. H. Zulfikar Imawan
2018,35,Jawa Timur,3574,Kota Probolinggo,3,Walikota,Syamsu Alam
2018,35,Jawa Timur,3574,Kota Probolinggo,3,Wakil Walikota,"Kulup Widyono, Se"
2018,35,Jawa Timur,3574,Kota Probolinggo,4,Walikota,"Habib Hadi Zainal Abidin, S.Pd., Mm., M.Hp."
2018,35,Jawa Timur,3574,Kota Probolinggo,4,Wakil Walikota,Moch. Soufis Subri
2018,35,Jawa Timur,3508,Kab. Lumajang,1,Bupati,"H. Thoriqul Haq, Mml"
2018,35,Jawa Timur,3508,Kab. Lumajang,1,Wakil Bupati,"Ir. Hj.  Indah Amperawati, M.Si"
2018,35,Jawa Timur,3508,Kab. Lumajang,2,Bupati,"Drs. H. Asï¿½T, M.Ag"
2018,35,Jawa Timur,3508,Kab. Lumajang,2,Wakil Bupati,H. Thoriq
2018,35,Jawa Timur,3508,Kab. Lumajang,3,Bupati,"H. Rofik, Sh., Mh"
2018,35,Jawa Timur,3508,Kab. Lumajang,3,Wakil Bupati,Ir. Nurul Huda
2018,35,Jawa Timur,3519,Kab. Madiun,1,Bupati,"H.Ahmad Dawami Ragil Saputro,S.Sos"
2018,35,Jawa Timur,3519,Kab. Madiun,1,Wakil Bupati,"H.Hari Wuryanto,Sh,M.Ak"
2018,35,Jawa Timur,3519,Kab. Madiun,2,Bupati,"Rio Wing Dinaryhadi,St"
2018,35,Jawa Timur,3519,Kab. Madiun,2,Wakil Bupati,Ir.Sukiman.M.Si
2018,35,Jawa Timur,3519,Kab. Madiun,3,Bupati,Drs.Djoko Setijono
2018,35,Jawa Timur,3519,Kab. Madiun,3,Wakil Bupati,"Suprapto,Se"
2018,35,Jawa Timur,3520,Kab. Magetan,1,Bupati,Suyatni Priasmoro
2018,35,Jawa Timur,3520,Kab. Magetan,1,Wakil Bupati,Nur Wahid
2018,35,Jawa Timur,3520,Kab. Magetan,2,Bupati,"Ir. H. Sh. Miratul Mukminin, Mm"
2018,35,Jawa Timur,3520,Kab. Magetan,2,Wakil Bupati,"Joko Suyono, S.Sos"
2018,35,Jawa Timur,3520,Kab. Magetan,3,Bupati,"Dr. Drs. Suprawoto, Sh, M.Si"
2018,35,Jawa Timur,3520,Kab. Magetan,3,Wakil Bupati,"Hj. Nanik Endang Rusminiarti, M.Pd"
2018,35,Jawa Timur,3518,Kab. Nganjuk,1,Bupati,"H. Novi Rahman Hidhayat, S.Sos., Mm."
2018,35,Jawa Timur,3518,Kab. Nganjuk,1,Wakil Bupati,"Dr. Drs. H. Marhaen Djumadi, Se, Sh, Mm, Mba"
2018,35,Jawa Timur,3518,Kab. Nganjuk,2,Bupati,"Ir. Siti Nurhayati, Mm."
2018,35,Jawa Timur,3518,Kab. Nganjuk,2,Wakil Bupati,"Bimantoro Wiyono, Sh"
2018,35,Jawa Timur,3518,Kab. Nganjuk,3,Bupati,"Desy Natalia Widya, Sip"
2018,35,Jawa Timur,3518,Kab. Nganjuk,3,Wakil Bupati,"Drs. Ainul Yakin, M.Si"
2018,35,Jawa Timur,3528,Kab. Pamekasan,1,Bupati,"H. Badrut Tamam, S.Psi"
2018,35,Jawa Timur,3528,Kab. Pamekasan,1,Wakil Bupati,"Raja'E, S.Hi"
2018,35,Jawa Timur,3528,Kab. Pamekasan,2,Bupati,"Dr. Kh. Kholilurrahman, Sh.,M.Si"
2018,35,Jawa Timur,3528,Kab. Pamekasan,2,Wakil Bupati,"Fathor Rohman, M.Si"
2018,35,Jawa Timur,3514,Kab. Pasuruan,1,Bupati,Mohammad Irsyad Yusuf
2018,35,Jawa Timur,3514,Kab. Pasuruan,1,Wakil Bupati,"K.H. A. Mujib Imron, Sh., Mh"
2018,35,Jawa Timur,3513,Kab. Probolinggo,1,Bupati,Hj. Puput Tantriana Sari
2018,35,Jawa Timur,3513,Kab. Probolinggo,1,Wakil Bupati,Drs. H. A. Timbul Prihanjoko
2018,35,Jawa Timur,3513,Kab. Probolinggo,2,Bupati,"H. Abdul Malik Haramain, M.Si"
2018,35,Jawa Timur,3513,Kab. Probolinggo,2,Wakil Bupati,"H. Mohammad Muzayyan, M.H.I"
2018,35,Jawa Timur,3527,Kab. Sampang,1,Bupati,H. Slamet Junaidi
2018,35,Jawa Timur,3527,Kab. Sampang,1,Wakil Bupati,H. Abdullah Hidayat
2018,35,Jawa Timur,3527,Kab. Sampang,2,Bupati,"Drh.H. Hermanto Subaidi, M.Si"
2018,35,Jawa Timur,3527,Kab. Sampang,2,Wakil Bupati,H. Suparto
2018,35,Jawa Timur,3527,Kab. Sampang,3,Bupati,H. Hisan. Se
2018,35,Jawa Timur,3527,Kab. Sampang,3,Wakil Bupati,H. Abdullah. Se
2018,35,Jawa Timur,3504,Kab. Tulungagung,1,Bupati,Margiono
2018,35,Jawa Timur,3504,Kab. Tulungagung,1,Wakil Bupati,Eko Prisdianto
2018,35,Jawa Timur,3504,Kab. Tulungagung,2,Bupati,"Syahri Mulyo. Se., M.Si"
2018,35,Jawa Timur,3504,Kab. Tulungagung,2,Wakil Bupati,"Drs. H. Maryoto Birowo, Mm"
2018,61,Kalimantan Barat,6111,Kab. Kayong Utara,1,Bupati,"Masdar, S.Pd. Sd, M.Si"
2018,61,Kalimantan Barat,6111,Kab. Kayong Utara,1,Wakil Bupati,"Zulkaslim Pebrata Tamura, S.Pd"
2018,61,Kalimantan Barat,6111,Kab. Kayong Utara,2,Bupati,Drs. Citra Duani
2018,61,Kalimantan Barat,6111,Kab. Kayong Utara,2,Wakil Bupati,"H. Effendi Ahmad, S.Pdi"
2018,61,Kalimantan Barat,6111,Kab. Kayong Utara,3,Bupati,"Abdul Halim Hasin, S.Ip,M.Si."
2018,61,Kalimantan Barat,6111,Kab. Kayong Utara,3,Wakil Bupati,Bukhori
2018,61,Kalimantan Barat,6171,Kota Pontianak,1,Walikota,Harry Adryanto
2018,61,Kalimantan Barat,6171,Kota Pontianak,1,Wakil Walikota,Yandi
2018,61,Kalimantan Barat,6171,Kota Pontianak,2,Walikota,"Ir. H. Edi Rusdi Kamtono, Mm, Mt"
2018,61,Kalimantan Barat,6171,Kota Pontianak,2,Wakil Walikota,"Bahasan, Sh"
2018,61,Kalimantan Barat,6171,Kota Pontianak,3,Walikota,"Satarudin, Sh"
2018,61,Kalimantan Barat,6171,Kota Pontianak,3,Wakil Walikota,"Alpian Aminardi, Sh, Mh"
2018,61,Kalimantan Barat,6112,Kab. Kubu Raya,1,Bupati,"H. Muda Mahendrawan, Sh"
2018,61,Kalimantan Barat,6112,Kab. Kubu Raya,1,Wakil Bupati,"Sujiwo, Se"
2018,61,Kalimantan Barat,6112,Kab. Kubu Raya,2,Bupati,"Ir. H. Werry Syahrial, M.H"
2018,61,Kalimantan Barat,6112,Kab. Kubu Raya,2,Wakil Bupati,H. Muhammad Nasir Maksudi
2018,61,Kalimantan Barat,6112,Kab. Kubu Raya,3,Bupati,"H. Hamzah Tawil, S.Ag. M.Si"
2018,61,Kalimantan Barat,6112,Kab. Kubu Raya,3,Wakil Bupati,Kohim
2018,61,Kalimantan Barat,6104,Kab. Mempawah,1,Bupati,"Drs.H.Syech Bandar,M.Si"
2018,61,Kalimantan Barat,6104,Kab. Mempawah,1,Wakil Bupati,"Hermanto Lim,Se"
2018,61,Kalimantan Barat,6104,Kab. Mempawah,2,Bupati,"Dr.H.Rahmad Satria,Sh.,Mh."
2018,61,Kalimantan Barat,6104,Kab. Mempawah,2,Wakil Bupati,"H.Ridwan Rusli,Sh.,Mm."
2018,61,Kalimantan Barat,6104,Kab. Mempawah,3,Bupati,"Hj.Erlina, Sh.,Mh."
2018,61,Kalimantan Barat,6104,Kab. Mempawah,3,Wakil Bupati,"H.Muhammad Pagi,S.Hi.,Mm."
2018,61,Kalimantan Barat,6104,Kab. Mempawah,4,Bupati,"Ir. H. Rudhy Bachtiar, M.Si"
2018,61,Kalimantan Barat,6104,Kab. Mempawah,4,Wakil Bupati,Drs. H. Mochrizal
2018,61,Kalimantan Barat,6105,Kab. Sanggau,1,Bupati,"Yansen Akun Effendy, Sh.M.Si,Mh"
2018,61,Kalimantan Barat,6105,Kab. Sanggau,1,Wakil Bupati,"Fransiskus  Ason, Sp"
2018,61,Kalimantan Barat,6105,Kab. Sanggau,2,Bupati,"Paolus Hadi, S.Ip, M.Si"
2018,61,Kalimantan Barat,6105,Kab. Sanggau,2,Wakil Bupati,"Drs. Yohanes Ontot, M.Si"
2018,63,Kalimantan Selatan,6306,Kab. Hulu Sungai Selatan,1,Bupati,H. Muhammad Najamuddin
2018,63,Kalimantan Selatan,6306,Kab. Hulu Sungai Selatan,1,Wakil Bupati,"H.Muhamad Ridha, Sh"
2018,63,Kalimantan Selatan,6306,Kab. Hulu Sungai Selatan,2,Bupati,"Drs. H. Achmad Fikry, M.Ap"
2018,63,Kalimantan Selatan,6306,Kab. Hulu Sungai Selatan,2,Wakil Bupati,"Syamsuri Arsyad, S.Ap"
2018,63,Kalimantan Selatan,6309,Kab. Tabalong,1,Bupati,H.Norhasani
2018,63,Kalimantan Selatan,6309,Kab. Tabalong,1,Wakil Bupati,H.Eddyan Noor Idur
2018,63,Kalimantan Selatan,6309,Kab. Tabalong,2,Bupati,"H.Winarto, S.Pd, M.Si"
2018,63,Kalimantan Selatan,6309,Kab. Tabalong,2,Wakil Bupati,"H.Ali Sibqi, S.Pi"
2018,63,Kalimantan Selatan,6309,Kab. Tabalong,3,Bupati,"Drs. H. Anang Syakhfiani, M.Si"
2018,63,Kalimantan Selatan,6309,Kab. Tabalong,3,Wakil Bupati,"Drs. H. Mawardi, M.Si"
2018,63,Kalimantan Selatan,6309,Kab. Tabalong,4,Bupati,"Hj. Noor Farida, Se"
2018,63,Kalimantan Selatan,6309,Kab. Tabalong,4,Wakil Bupati,"Aspianor, S.Ikom, Sh,Mh"
2018,63,Kalimantan Selatan,6301,Kab. Tanah Laut,1,Bupati,Drs. H. Sukamta
2018,63,Kalimantan Selatan,6301,Kab. Tanah Laut,1,Wakil Bupati,"Abdi Rahman, S.Pd"
2018,63,Kalimantan Selatan,6301,Kab. Tanah Laut,2,Bupati,"H. Bambang Alamsyah, S.T"
2018,63,Kalimantan Selatan,6301,Kab. Tanah Laut,2,Wakil Bupati,"Ir. H. Ahmad Nizar, S.Sos, M.Si"
2018,63,Kalimantan Selatan,6305,Kab. Tapin,1,Bupati,"Drs. H. Muhammad Arifin Arpan, Mm"
2018,63,Kalimantan Selatan,6305,Kab. Tapin,1,Wakil Bupati,"H. Syafrudin Noor, Se, S.Sos"
2018,62,Kalimantan Tengah,6212,Kab. Barito Timur,1,Bupati,"Pancani Gandrung, Sh., Msi"
2018,62,Kalimantan Tengah,6212,Kab. Barito Timur,1,Wakil Bupati,Drs. H. Mukhtar Abdul Rahman
2018,62,Kalimantan Tengah,6212,Kab. Barito Timur,2,Bupati,"H. Supriatna, S.Pd, Mm"
2018,62,Kalimantan Tengah,6212,Kab. Barito Timur,2,Wakil Bupati,Yudha Nyampai
2018,62,Kalimantan Tengah,6212,Kab. Barito Timur,3,Bupati,"Ampera A. Y Mebas, Se, Mm"
2018,62,Kalimantan Tengah,6212,Kab. Barito Timur,3,Wakil Bupati,Habib Said Abdul Saleh
2018,62,Kalimantan Tengah,6205,Kab. Barito Utara,1,Bupati,H.Nadalsyah
2018,62,Kalimantan Tengah,6205,Kab. Barito Utara,1,Wakil Bupati,"Sugianto Panala Putra, Sh"
2018,62,Kalimantan Tengah,6205,Kab. Barito Utara,2,Bupati,"Taufik Nugraha, S.Kom"
2018,62,Kalimantan Tengah,6205,Kab. Barito Utara,2,Wakil Bupati,Drs. Ompie Herby
2018,62,Kalimantan Tengah,6211,Kab. Gunung Mas,1,Bupati,"Rony Karlos, S.Sos"
2018,62,Kalimantan Tengah,6211,Kab. Gunung Mas,1,Wakil Bupati,"Dr. Drs. Gaya, M.Pd.H"
2018,62,Kalimantan Tengah,6211,Kab. Gunung Mas,2,Bupati,Ir. Lohing Simon
2018,62,Kalimantan Tengah,6211,Kab. Gunung Mas,2,Wakil Bupati,"Suprapto Sungan, Sh"
2018,62,Kalimantan Tengah,6211,Kab. Gunung Mas,3,Bupati,"Jaya Samaya Monong, Se, M.Si"
2018,62,Kalimantan Tengah,6211,Kab. Gunung Mas,3,Wakil Bupati,"Ir. Efrensia L.P Umbing, M.Si"
2018,62,Kalimantan Tengah,6203,Kab. Kapuas,1,Bupati,"Ir. Ben Brahim.S. Bahat,Mm.Mt"
2018,62,Kalimantan Tengah,6203,Kab. Kapuas,1,Wakil Bupati,"Drs.H.M. Nafiah Ibnor,Mm"
2018,62,Kalimantan Tengah,6203,Kab. Kapuas,2,Bupati,"Ir. H. Muhammad Mawardi, M.M.,M.Si,."
2018,62,Kalimantan Tengah,6203,Kab. Kapuas,2,Wakil Bupati,"Ir. H. Muhajirin, Mp"
2018,62,Kalimantan Tengah,6209,Kab. Katingan,1,Bupati,"Sakariyas, Se"
2018,62,Kalimantan Tengah,6209,Kab. Katingan,1,Wakil Bupati,Sunardi
2018,62,Kalimantan Tengah,6209,Kab. Katingan,2,Bupati,"H. Fahmi Fauzi, S.Hut"
2018,62,Kalimantan Tengah,6209,Kab. Katingan,2,Wakil Bupati,"Maspek J. Garang, Se"
2018,62,Kalimantan Tengah,6209,Kab. Katingan,3,Bupati,"H.Surya, Sh,M.Hum"
2018,62,Kalimantan Tengah,6209,Kab. Katingan,3,Wakil Bupati,"Winda Natalia,S.Hut,M.Si"
2018,62,Kalimantan Tengah,6209,Kab. Katingan,4,Bupati,"H. Ade Supriadi, Sp, Mh"
2018,62,Kalimantan Tengah,6209,Kab. Katingan,4,Wakil Bupati,Ali Sameon Anom
2018,62,Kalimantan Tengah,6209,Kab. Katingan,5,Bupati,"H. Wiwin Susanto, S.Pd"
2018,62,Kalimantan Tengah,6209,Kab. Katingan,5,Wakil Bupati,Drs. Elman D. Dangan
2018,#N/A,#N/A,#N/A,Kota Palangkaraya,1,Walikota,Tuty Dau
2018,#N/A,#N/A,#N/A,Kota Palangkaraya,1,Wakil Walikota,"H. Rahmadi Hn,Sh.,Mpa"
2018,#N/A,#N/A,#N/A,Kota Palangkaraya,2,Walikota,"H. Rusliansyah, Se.,M.Ap"
2018,#N/A,#N/A,#N/A,Kota Palangkaraya,2,Wakil Walikota,"Rogas Usup, St"
2018,#N/A,#N/A,#N/A,Kota Palangkaraya,3,Walikota,"Fairid Naparin, Se"
2018,#N/A,#N/A,#N/A,Kota Palangkaraya,3,Wakil Walikota,"Hj. Umi Mastikah, Sh"
2018,#N/A,#N/A,#N/A,Kota Palangkaraya,4,Walikota,"Aries Marcorius Narang, Se., M.Si"
2018,#N/A,#N/A,#N/A,Kota Palangkaraya,4,Wakil Walikota,"Habib Said Akhmad Fawzi Zain Bachsin, S.Hi"
2018,62,Kalimantan Tengah,6207,Kab. Lamandau,1,Bupati,"Taji Pranito, S.Pd"
2018,62,Kalimantan Tengah,6207,Kab. Lamandau,1,Wakil Bupati,Gandhi Nuswantara
2018,62,Kalimantan Tengah,6207,Kab. Lamandau,2,Bupati,Sata Umani
2018,62,Kalimantan Tengah,6207,Kab. Lamandau,2,Wakil Bupati,"H. Karyadi, Sh"
2018,62,Kalimantan Tengah,6207,Kab. Lamandau,3,Bupati,"Fx. Perwiragato, S.Ip"
2018,62,Kalimantan Tengah,6207,Kab. Lamandau,3,Wakil Bupati,Taufik Hidayat
2018,62,Kalimantan Tengah,6207,Kab. Lamandau,4,Bupati,H. Hendra Lesmana
2018,62,Kalimantan Tengah,6207,Kab. Lamandau,4,Wakil Bupati,"Riko Porwanto, S.Stp"
2018,62,Kalimantan Tengah,6213,Kab. Murung Raya,1,Bupati,"H. Aprian Noor, S.Sos"
2018,62,Kalimantan Tengah,6213,Kab. Murung Raya,1,Wakil Bupati,"Susilo, Se, Mm"
2018,62,Kalimantan Tengah,6213,Kab. Murung Raya,2,Bupati,"Drs. Perdie, Ma"
2018,62,Kalimantan Tengah,6213,Kab. Murung Raya,2,Wakil Bupati,"Rejikinoor, S.Sos"
2018,62,Kalimantan Tengah,6213,Kab. Murung Raya,3,Bupati,"H. Syapuani, Se.,Mm"
2018,62,Kalimantan Tengah,6213,Kab. Murung Raya,3,Wakil Bupati,"Dihasbi, S.Pd.I.,M.Pd"
2018,62,Kalimantan Tengah,6210,Kab. Pulang Pisau,1,Bupati,"H. Idham Amur, S.H., M.Si."
2018,62,Kalimantan Tengah,6210,Kab. Pulang Pisau,1,Wakil Bupati,"H. Ahmad Jayadikarta, S.Ip."
2018,62,Kalimantan Tengah,6210,Kab. Pulang Pisau,2,Bupati,"H. Edy Pratowo, S.Sos., Mm."
2018,62,Kalimantan Tengah,6210,Kab. Pulang Pisau,2,Wakil Bupati,Pudjirustaty Narang
2018,62,Kalimantan Tengah,6208,Kab. Seruyan,1,Bupati,"H. Sudarsono, S.H."
2018,62,Kalimantan Tengah,6208,Kab. Seruyan,1,Wakil Bupati,"Hairil Yadi, S.H."
2018,62,Kalimantan Tengah,6208,Kab. Seruyan,2,Bupati,Drs. H. Edy Riswan
2018,62,Kalimantan Tengah,6208,Kab. Seruyan,2,Wakil Bupati,"Soetoyo. S Darno, M.M."
2018,62,Kalimantan Tengah,6208,Kab. Seruyan,3,Bupati,Yulhaidir
2018,62,Kalimantan Tengah,6208,Kab. Seruyan,3,Wakil Bupati,"Hj. Iswanti, S.E., M.M."
2018,62,Kalimantan Tengah,6206,Kab. Sukamara,1,Bupati,"H. Ahmad Darsoni, Skm, M.Si"
2018,62,Kalimantan Tengah,6206,Kab. Sukamara,1,Wakil Bupati,Ir. H. Mohamad Yamin
2018,62,Kalimantan Tengah,6206,Kab. Sukamara,2,Bupati,"H. Mugeni, Sh.,Mh"
2018,62,Kalimantan Tengah,6206,Kab. Sukamara,2,Wakil Bupati,"Daman Huri, S.Ip"
2018,62,Kalimantan Tengah,6206,Kab. Sukamara,3,Bupati,H. Windu Subagio
2018,62,Kalimantan Tengah,6206,Kab. Sukamara,3,Wakil Bupati,"H. Ahmadi, Sh"
2018,64,Kalimantan Timur,6409,Kab. Penajam Paser Utara,1,Bupati,"Mustaqim, Mz.Mm"
2018,64,Kalimantan Timur,6409,Kab. Penajam Paser Utara,1,Wakil Bupati,"Sofian Nur, St"
2018,64,Kalimantan Timur,6409,Kab. Penajam Paser Utara,2,Bupati,"H. Andi Harahap, S.Sos"
2018,64,Kalimantan Timur,6409,Kab. Penajam Paser Utara,2,Wakil Bupati,"H. Fadly Imawan, Sp.Mp"
2018,64,Kalimantan Timur,6409,Kab. Penajam Paser Utara,3,Bupati,Abdul Gafur
2018,64,Kalimantan Timur,6409,Kab. Penajam Paser Utara,3,Wakil Bupati,Ir. H. Hamdam
2018,65,Kalimantan Utara,6571,Kota Tarakan,1,Walikota,"Hj. Umi Suhartini, S.Pd. M.H"
2018,65,Kalimantan Utara,6571,Kota Tarakan,1,Wakil Walikota,"H. Mahrudin Mado, Se"
2018,65,Kalimantan Utara,6571,Kota Tarakan,2,Walikota,"Dr. Khairul, M.Kes"
2018,65,Kalimantan Utara,6571,Kota Tarakan,2,Wakil Walikota,Effendhi Djuprianto
2018,65,Kalimantan Utara,6571,Kota Tarakan,3,Walikota,"Drs. H. Badrun, Msi"
2018,65,Kalimantan Utara,6571,Kota Tarakan,3,Wakil Walikota,Ince A. Rifai
2018,65,Kalimantan Utara,6571,Kota Tarakan,4,Walikota,"Ir. Sofian, M.Si"
2018,65,Kalimantan Utara,6571,Kota Tarakan,4,Wakil Walikota,"Sabar Santuso, St., Mpd"
2018,19,Kep. Bangka Belitung,1901,Kab. Bangka,1,Bupati,"Ir. H. Tarmizi H. Saat, Mm"
2018,19,Kep. Bangka Belitung,1901,Kab. Bangka,1,Wakil Bupati,"Amri Cahyadi, St"
2018,19,Kep. Bangka Belitung,1901,Kab. Bangka,2,Bupati,"Mulkan, Sh. Mh"
2018,19,Kep. Bangka Belitung,1901,Kab. Bangka,2,Wakil Bupati,"Syahbudin, S.Ip"
2018,19,Kep. Bangka Belitung,1901,Kab. Bangka,3,Bupati,"Dr.Ir. H. Kms. Daniel, Mm"
2018,19,Kep. Bangka Belitung,1901,Kab. Bangka,3,Wakil Bupati,"Fadillah Sabri, St, M.Eng"
2018,19,Kep. Bangka Belitung,1902,Kab. Belitung,1,Bupati,"Ir. H. Azwardy Azhar, Se., M.Si"
2018,19,Kep. Bangka Belitung,1902,Kab. Belitung,1,Wakil Bupati,Drs. H. Erwandi A Rani
2018,19,Kep. Bangka Belitung,1902,Kab. Belitung,2,Bupati,"Hellyana, Sh"
2018,19,Kep. Bangka Belitung,1902,Kab. Belitung,2,Wakil Bupati,Junaidi Rachman
2018,19,Kep. Bangka Belitung,1902,Kab. Belitung,3,Bupati,"H. Andi Saparudin Lanna, Sh"
2018,19,Kep. Bangka Belitung,1902,Kab. Belitung,3,Wakil Bupati,"Zulfriandi Afan, Se"
2018,19,Kep. Bangka Belitung,1902,Kab. Belitung,4,Bupati,"H. Sahani Saleh, S.Sos"
2018,19,Kep. Bangka Belitung,1902,Kab. Belitung,4,Wakil Bupati,"Isyak Meirobie, S.Sn"
2018,19,Kep. Bangka Belitung,1971,Kota Pangkal Pinang,1,Walikota,"Rinaldi, S.E., M.H."
2018,19,Kep. Bangka Belitung,1971,Kota Pangkal Pinang,1,Wakil Walikota,"Ir. B. Sarjulianto, Dipl., S.E."
2018,19,Kep. Bangka Belitung,1971,Kota Pangkal Pinang,2,Walikota,"Prof. H. Saparudin, M.T., Ph.D"
2018,19,Kep. Bangka Belitung,1971,Kota Pangkal Pinang,2,Wakil Walikota,Drs. H. Edison
2018,19,Kep. Bangka Belitung,1971,Kota Pangkal Pinang,3,Walikota,"H. Maulan Aklil, S.I.P., M.Si."
2018,19,Kep. Bangka Belitung,1971,Kota Pangkal Pinang,3,Wakil Walikota,"Muhammad Sopian, B.A."
2018,19,Kep. Bangka Belitung,1971,Kota Pangkal Pinang,4,Walikota,"Endang Kusumawaty, S.T."
2018,19,Kep. Bangka Belitung,1971,Kota Pangkal Pinang,4,Wakil Walikota,Ismiryadi
2018,21,Kep. Riau,2172,Kota Tanjung Pinang,1,Walikota,"H. Syahrul, S.Pd.Sd"
2018,21,Kep. Riau,2172,Kota Tanjung Pinang,1,Wakil Walikota,"Rahma, S.Ip"
2018,21,Kep. Riau,2172,Kota Tanjung Pinang,2,Walikota,"H. Lis Darmansyah, Sh"
2018,21,Kep. Riau,2172,Kota Tanjung Pinang,2,Wakil Walikota,Dr.Maya Suryanti
2018,18,Lampung,1806,Kab. Lampung Utara,1,Bupati,"Drs. Hi. Zainal  Abidin, Mm"
2018,18,Lampung,1806,Kab. Lampung Utara,1,Wakil Bupati,"M. Yusrizal, St"
2018,18,Lampung,1806,Kab. Lampung Utara,2,Bupati,Hi. Aprozi Alam
2018,18,Lampung,1806,Kab. Lampung Utara,2,Wakil Bupati,"Dra. Ice Suryana, S.Pd"
2018,18,Lampung,1806,Kab. Lampung Utara,3,Bupati,"H. Agung Ilmu Mangkunegara, S.Stp. Mh."
2018,18,Lampung,1806,Kab. Lampung Utara,3,Wakil Bupati,"H. Budi Utomo, Se. Mm"
2018,18,Lampung,1802,Kab. Tanggamus,1,Bupati,"Hj. Dewi Handajani, Se, Mm"
2018,18,Lampung,1802,Kab. Tanggamus,1,Wakil Bupati,"Hi. Am. Syafi?I, S.Ag"
2018,18,Lampung,1802,Kab. Tanggamus,2,Bupati,"Hi. Samsul Hadi, M.Pd.I"
2018,18,Lampung,1802,Kab. Tanggamus,2,Wakil Bupati,"Hi. Nuzul Irsan, Se"
2018,81,Maluku,8172,Kota Tual,1,Walikota,"Drs. Yunus Serang, M.Si"
2018,81,Maluku,8172,Kota Tual,1,Wakil Walikota,"Eva Fransina Balubun, S.Pt"
2018,81,Maluku,8172,Kota Tual,2,Walikota,"Adam Rahayaan, S.Ag, M.Si"
2018,81,Maluku,8172,Kota Tual,2,Wakil Walikota,Usman Tamnge
2018,81,Maluku,8172,Kota Tual,3,Walikota,"Drs. Basri Adlly Bandjar, M.Si"
2018,81,Maluku,8172,Kota Tual,3,Wakil Walikota,"Fadillah Rahawarin, S.Pi"
2018,81,Maluku,8102,Kab. Maluku Tenggara,1,Bupati,"Drs. Angelus Renjaan, M.Pd, Mh"
2018,81,Maluku,8102,Kab. Maluku Tenggara,1,Wakil Bupati,Hamza Rahayaan
2018,81,Maluku,8102,Kab. Maluku Tenggara,2,Bupati,"Esebius Utha Safsafubun, S.Ip"
2018,81,Maluku,8102,Kab. Maluku Tenggara,2,Wakil Bupati,"Abdurrahman Matdoan, S.Pd.I"
2018,81,Maluku,8102,Kab. Maluku Tenggara,3,Bupati,Muhamad Thaher Hanubun
2018,81,Maluku,8102,Kab. Maluku Tenggara,3,Wakil Bupati,"Ir. Petrus Beruatwarin, M.Si"
2018,52,Nusa Tenggara Barat,5272,Kota Bima,1,Walikota,"H. A. Rahman, Se"
2018,52,Nusa Tenggara Barat,5272,Kota Bima,1,Wakil Walikota,"Hj. Ferra Amelia, Se.,Mm"
2018,52,Nusa Tenggara Barat,5272,Kota Bima,2,Walikota,"H. Muhammad Lutfi, Se"
2018,52,Nusa Tenggara Barat,5272,Kota Bima,2,Wakil Walikota,"Feri Sofiyan, Sh"
2018,52,Nusa Tenggara Barat,5272,Kota Bima,3,Walikota,"Subhan, Sh"
2018,52,Nusa Tenggara Barat,5272,Kota Bima,3,Wakil Walikota,Wahyudin
2018,52,Nusa Tenggara Barat,5201,Kab. Lombok Barat,1,Bupati,"H. M. Izzul Islam, S.Mn"
2018,52,Nusa Tenggara Barat,5201,Kab. Lombok Barat,1,Wakil Bupati,"Tgh. Khudari Ibrahim, Lc., Mh"
2018,52,Nusa Tenggara Barat,5201,Kab. Lombok Barat,2,Bupati,"Nauvar Furqony Farinduan, Sh., Mba"
2018,52,Nusa Tenggara Barat,5201,Kab. Lombok Barat,2,Wakil Bupati,"Tgh. Muammar Arafat, Sh., Mh"
2018,52,Nusa Tenggara Barat,5201,Kab. Lombok Barat,3,Bupati,"H. Fauzan Khalid, S.Ag., M.Si"
2018,52,Nusa Tenggara Barat,5201,Kab. Lombok Barat,3,Wakil Bupati,Hj. Sumiatun
2018,52,Nusa Tenggara Barat,5203,Kab. Lombok Timur,1,Bupati,Drs. H. Haerul Warisin
2018,52,Nusa Tenggara Barat,5203,Kab. Lombok Timur,1,Wakil Bupati,"H. Machsun Ridwainny.,S.Sos.,M.B.A"
2018,52,Nusa Tenggara Barat,5203,Kab. Lombok Timur,2,Bupati,"Ali Masadi, S.H., M.Kn"
2018,52,Nusa Tenggara Barat,5203,Kab. Lombok Timur,2,Wakil Bupati,"Putrawan Habibi, S.P.,M.P."
2018,52,Nusa Tenggara Barat,5203,Kab. Lombok Timur,3,Bupati,"Drs. H. Mohammad Sukiman Azmy, Mm."
2018,52,Nusa Tenggara Barat,5203,Kab. Lombok Timur,3,Wakil Bupati,"Rumaksi Sj., S.H."
2018,52,Nusa Tenggara Barat,5203,Kab. Lombok Timur,4,Bupati,H.M.Syamsul Luthfi
2018,52,Nusa Tenggara Barat,5203,Kab. Lombok Timur,4,Wakil Bupati,H. Najamuddin Moestafa
2018,53,Nusa Tenggara Timur,5307,Kab. Alor,1,Bupati,"Dr. Imanuel Ekadianus Blegur, M.Si"
2018,53,Nusa Tenggara Timur,5307,Kab. Alor,1,Wakil Bupati,"H. Taufik Nampira, Sp. Mm"
2018,53,Nusa Tenggara Timur,5307,Kab. Alor,2,Bupati,Drs. Amon Djobo
2018,53,Nusa Tenggara Timur,5307,Kab. Alor,2,Wakil Bupati,"Imran Duru, S.Pd"
2018,53,Nusa Tenggara Timur,5311,Kab. Ende,1,Bupati,"Drs. Don Bosco M. Wangge,M.Si"
2018,53,Nusa Tenggara Timur,5311,Kab. Ende,1,Wakil Bupati,"H.Munawar.A Achmad,S.Sos"
2018,53,Nusa Tenggara Timur,5311,Kab. Ende,2,Bupati,Ir. Marselinus Y.W. Petu
2018,53,Nusa Tenggara Timur,5311,Kab. Ende,2,Wakil Bupati,"Drs. H. Djafar Achmad, Mm"
2018,53,Nusa Tenggara Timur,5303,Kab. Kupang,1,Bupati,"Drs. Hendrik Paut, M.Pd"
2018,53,Nusa Tenggara Timur,5303,Kab. Kupang,1,Wakil Bupati,"Aljery Esau Monas, S.Tp"
2018,53,Nusa Tenggara Timur,5303,Kab. Kupang,2,Bupati,Drs. Korinus Masneno
2018,53,Nusa Tenggara Timur,5303,Kab. Kupang,2,Wakil Bupati,"Jerry Manafe, Sh, M.Th"
2018,53,Nusa Tenggara Timur,5303,Kab. Kupang,3,Bupati,"Nelson O. Matara, S.Ip., M.Hum"
2018,53,Nusa Tenggara Timur,5303,Kab. Kupang,3,Wakil Bupati,Bernard Paulus Thomas Wellem Bait
2018,53,Nusa Tenggara Timur,5303,Kab. Kupang,4,Bupati,"Melianus Akulas, St"
2018,53,Nusa Tenggara Timur,5303,Kab. Kupang,4,Wakil Bupati,"Joao Antonio De Jesus Costa, Sh"
2018,53,Nusa Tenggara Timur,5303,Kab. Kupang,5,Bupati,"Drs. Selfester M. Banfatin, M.Si"
2018,53,Nusa Tenggara Timur,5303,Kab. Kupang,5,Wakil Bupati,"Johannis Silvester Ottemoesoe, Se"
2018,53,Nusa Tenggara Timur,5319,Kab. Manggarai Timur,1,Bupati,"Agas Andreas, Sh, M.Hum"
2018,53,Nusa Tenggara Timur,5319,Kab. Manggarai Timur,1,Wakil Bupati,Drs. Jaghur Stefanus
2018,53,Nusa Tenggara Timur,5319,Kab. Manggarai Timur,2,Bupati,Drs. Marselis S
2018,53,Nusa Tenggara Timur,5319,Kab. Manggarai Timur,2,Wakil Bupati,Sirajudin Paskalis
2018,53,Nusa Tenggara Timur,5319,Kab. Manggarai Timur,3,Bupati,Tarsisius Sjukur
2018,53,Nusa Tenggara Timur,5319,Kab. Manggarai Timur,3,Wakil Bupati,"Yoseph Byron Aur, S.Sos"
2018,53,Nusa Tenggara Timur,5319,Kab. Manggarai Timur,4,Bupati,"Bonefasius Uha, Sh"
2018,53,Nusa Tenggara Timur,5319,Kab. Manggarai Timur,4,Wakil Bupati,Fransiskus Anggal
2018,53,Nusa Tenggara Timur,5319,Kab. Manggarai Timur,5,Bupati,Fransiskus Sarong
2018,53,Nusa Tenggara Timur,5319,Kab. Manggarai Timur,5,Wakil Bupati,"Kasmir Don, Sh"
2018,53,Nusa Tenggara Timur,5318,Kab. Nagekeo,1,Bupati,"Paskalis Mb Ledo Bude, Se, Mm"
2018,53,Nusa Tenggara Timur,5318,Kab. Nagekeo,1,Wakil Bupati,"Oskarianus Meta, Ss"
2018,53,Nusa Tenggara Timur,5318,Kab. Nagekeo,2,Bupati,"Dr. Johanes Don Bosco Do, M. Kes"
2018,53,Nusa Tenggara Timur,5318,Kab. Nagekeo,2,Wakil Bupati,"Marianus Waja, Sh"
2018,53,Nusa Tenggara Timur,5318,Kab. Nagekeo,3,Bupati,Drs. Elias Djo
2018,53,Nusa Tenggara Timur,5318,Kab. Nagekeo,3,Wakil Bupati,Servasius Phodi
2018,53,Nusa Tenggara Timur,5318,Kab. Nagekeo,4,Bupati,"Gaspar Batubata, Sh"
2018,53,Nusa Tenggara Timur,5318,Kab. Nagekeo,4,Wakil Bupati,Ndait Adrianus
2018,53,Nusa Tenggara Timur,5318,Kab. Nagekeo,5,Bupati,Paulinus Yohanes Nuwa Veto
2018,53,Nusa Tenggara Timur,5318,Kab. Nagekeo,5,Wakil Bupati,Marselinus F. Ajo Bupu
2018,53,Nusa Tenggara Timur,5314,Kab. Rote Ndao,1,Bupati,"Jonas Cornelius Lun, S.Pd"
2018,53,Nusa Tenggara Timur,5314,Kab. Rote Ndao,1,Wakil Bupati,"Dr. Adolfina Elisabeth Koamesakh, M.Th.,M.Hum"
2018,53,Nusa Tenggara Timur,5314,Kab. Rote Ndao,2,Bupati,"Drs. Mesakh Nitanel Nunuhitu, M.Si"
2018,53,Nusa Tenggara Timur,5314,Kab. Rote Ndao,2,Wakil Bupati,Drs. Samuel Conny Penna
2018,53,Nusa Tenggara Timur,5314,Kab. Rote Ndao,3,Bupati,"Paulina Haning - Bullu, Se"
2018,53,Nusa Tenggara Timur,5314,Kab. Rote Ndao,3,Wakil Bupati,"Stefanus M. Saek, Se, M.Si"
2018,53,Nusa Tenggara Timur,5314,Kab. Rote Ndao,4,Bupati,"Bima Theodorianus Fanggidae, Mba"
2018,53,Nusa Tenggara Timur,5314,Kab. Rote Ndao,4,Wakil Bupati,"Drs. Erenst Salmun Zadrak Pella, M.Si"
2018,53,Nusa Tenggara Timur,5310,Kab. Sikka,1,Bupati,Drs. Alexander Longginus
2018,53,Nusa Tenggara Timur,5310,Kab. Sikka,1,Wakil Bupati,"Fransiskus Stephanus Say, Se"
2018,53,Nusa Tenggara Timur,5310,Kab. Sikka,2,Bupati,"Fransiskus Roberto Diogo, S.Sos, Msi."
2018,53,Nusa Tenggara Timur,5310,Kab. Sikka,2,Wakil Bupati,Romanus Woga
2018,53,Nusa Tenggara Timur,5310,Kab. Sikka,3,Bupati,Drs. Yoseph Ansar Rera
2018,53,Nusa Tenggara Timur,5310,Kab. Sikka,3,Wakil Bupati,"Rafael Raga, Sp"
2018,53,Nusa Tenggara Timur,5317,Kab. Sumba Barat Daya,1,Bupati,"Markus Dairo Talu, Sh"
2018,53,Nusa Tenggara Timur,5317,Kab. Sumba Barat Daya,1,Wakil Bupati,"Gerson Tanggu Dendo, Sh"
2018,53,Nusa Tenggara Timur,5317,Kab. Sumba Barat Daya,2,Bupati,"Dominggus Dama, Sst, Mt"
2018,53,Nusa Tenggara Timur,5317,Kab. Sumba Barat Daya,2,Wakil Bupati,"Kornelis Tanggu Bore, Sh"
2018,53,Nusa Tenggara Timur,5317,Kab. Sumba Barat Daya,3,Bupati,Dr. Kornelius Kodi Mete
2018,53,Nusa Tenggara Timur,5317,Kab. Sumba Barat Daya,3,Wakil Bupati,"Marthen Christian Taka, S.Ip"
2018,53,Nusa Tenggara Timur,5316,Kab. Sumba Tengah,1,Bupati,"Umbu Besi,S.Sos"
2018,53,Nusa Tenggara Timur,5316,Kab. Sumba Tengah,1,Wakil Bupati,"Umbu Windi, S.Ipem"
2018,53,Nusa Tenggara Timur,5316,Kab. Sumba Tengah,2,Bupati,Drs. Paulus S. K. Limu
2018,53,Nusa Tenggara Timur,5316,Kab. Sumba Tengah,2,Wakil Bupati,Ir. Daniel Landa
2018,53,Nusa Tenggara Timur,5316,Kab. Sumba Tengah,3,Bupati,"Umbu Dondu, Bba"
2018,53,Nusa Tenggara Timur,5316,Kab. Sumba Tengah,3,Wakil Bupati,"Samuel Saki Pekulimu,S.Sos"
2018,53,Nusa Tenggara Timur,5316,Kab. Sumba Tengah,4,Bupati,"Umbu S. Samapaty, Sh, Mh"
2018,53,Nusa Tenggara Timur,5316,Kab. Sumba Tengah,4,Wakil Bupati,"Marthinus Umbu Djoka, S.Hut, M.Si"
2018,53,Nusa Tenggara Timur,5316,Kab. Sumba Tengah,5,Bupati,Dr. Umbu M. Marisi
2018,53,Nusa Tenggara Timur,5316,Kab. Sumba Tengah,5,Wakil Bupati,Drs. Tagela Ibi Sola
2018,53,Nusa Tenggara Timur,5304,Kab. Timor Tengah Selatan,1,Bupati,"Ampera Seke Selan, Sh"
2018,53,Nusa Tenggara Timur,5304,Kab. Timor Tengah Selatan,1,Wakil Bupati,Ir. Yaan Mazrich Jermias Tanaem
2018,53,Nusa Tenggara Timur,5304,Kab. Timor Tengah Selatan,2,Bupati,"Drs. Obed Naitboho, M.Si"
2018,53,Nusa Tenggara Timur,5304,Kab. Timor Tengah Selatan,2,Wakil Bupati,"Alexander Kase, S.Pd.K"
2018,53,Nusa Tenggara Timur,5304,Kab. Timor Tengah Selatan,3,Bupati,"Egusem Piether Tahun, St, Mm"
2018,53,Nusa Tenggara Timur,5304,Kab. Timor Tengah Selatan,3,Wakil Bupati,"Johny Army Konay, Sh"
2018,53,Nusa Tenggara Timur,5304,Kab. Timor Tengah Selatan,4,Bupati,"Drs. Johanis Lakapu, M.Si"
2018,53,Nusa Tenggara Timur,5304,Kab. Timor Tengah Selatan,4,Wakil Bupati,"Yefta Ambrosius Lodowijk Mella, A.Md"
2018,94,Papua,9409,Kab. Biak Numfor,1,Bupati,"Andreas Msen, Se. Mm"
2018,94,Papua,9409,Kab. Biak Numfor,1,Wakil Bupati,"Justinus Wihelmus Noriwari, S.Th"
2018,94,Papua,9409,Kab. Biak Numfor,2,Bupati,"Herry Ario Naap, S.Si.,M.Pd."
2018,94,Papua,9409,Kab. Biak Numfor,2,Wakil Bupati,"Nehemia Wospakrik, Se.,Mm.,B.Sc."
2018,94,Papua,9409,Kab. Biak Numfor,3,Bupati,Nichodemus Ronsumbre
2018,94,Papua,9409,Kab. Biak Numfor,3,Wakil Bupati,Ir. Akmal Bachri Hi Kalabe
2018,94,Papua,9436,Kab. Deiyai,1,Bupati,Ateng Edowai S.Pd.K
2018,94,Papua,9436,Kab. Deiyai,1,Wakil Bupati,Hengky Pigai S.Pt
2018,94,Papua,9436,Kab. Deiyai,2,Bupati,Keni Ikomou
2018,94,Papua,9436,Kab. Deiyai,2,Wakil Bupati,Abraham Tekege
2018,94,Papua,9436,Kab. Deiyai,3,Bupati,"Dance Takimai, A.Ks"
2018,94,Papua,9436,Kab. Deiyai,3,Wakil Bupati,"Robert Dawapa, S.Sos"
2018,94,Papua,9436,Kab. Deiyai,4,Bupati,Inarius Douw
2018,94,Papua,9436,Kab. Deiyai,4,Wakil Bupati,Anakletus Doo
2018,94,Papua,9402,Kab. Jayawijaya,1,Bupati,"Jhon Richard Banua Se,M.Si."
2018,94,Papua,9402,Kab. Jayawijaya,1,Wakil Bupati,"Marthin Yogobi Sh,M.Hum."
2018,94,Papua,9431,Kab. Mamberamo Tengah,1,Bupati,"Ricky Ham Pagawak, Sh, M.Si"
2018,94,Papua,9431,Kab. Mamberamo Tengah,1,Wakil Bupati,"Yonas Kenelak, S. Sos"
2018,94,Papua,9412,Kab. Mimika,1,Bupati,Drs. Petrus Yanwarin
2018,94,Papua,9412,Kab. Mimika,1,Wakil Bupati,Alpius Edowai
2018,94,Papua,9412,Kab. Mimika,2,Bupati,"Robertus Waraopea, Sh"
2018,94,Papua,9412,Kab. Mimika,2,Wakil Bupati,"Albert Bolang, Sh. Mh"
2018,94,Papua,9412,Kab. Mimika,3,Bupati,Wilhelmus Pigai
2018,94,Papua,9412,Kab. Mimika,3,Wakil Bupati,"Athanasius Allo Rafra,Sh. Msi"
2018,94,Papua,9412,Kab. Mimika,4,Bupati,"Hans Magal, S.P"
2018,94,Papua,9412,Kab. Mimika,4,Wakil Bupati,"Abd Muis, S.T. M.M"
2018,94,Papua,9412,Kab. Mimika,5,Bupati,"Maria Florida Kotorok, Se., M.H.Kes"
2018,94,Papua,9412,Kab. Mimika,5,Wakil Bupati,"Yustus Way, S.Sos"
2018,94,Papua,9412,Kab. Mimika,6,Bupati,"Eltinus Omaleng, Se, Mh"
2018,94,Papua,9412,Kab. Mimika,6,Wakil Bupati,"Johanes Rettob, S.Sos, M.M"
2018,94,Papua,9412,Kab. Mimika,7,Bupati,"Philipus B. Wakerkwa Se, Msi"
2018,94,Papua,9412,Kab. Mimika,7,Wakil Bupati,H.Basri
2018,94,Papua,9410,Kab. Paniai,1,Bupati,"Dr. Hengki Kayame, Sh.,Mh"
2018,94,Papua,9410,Kab. Paniai,1,Wakil Bupati,Drs. Yeheskiel Tenouye
2018,94,Papua,9410,Kab. Paniai,2,Bupati,"Naftali Yogi, S.Sos"
2018,94,Papua,9410,Kab. Paniai,2,Wakil Bupati,"Marten Mote, Se"
2018,94,Papua,9410,Kab. Paniai,3,Bupati,Meki Nawipa
2018,94,Papua,9410,Kab. Paniai,3,Wakil Bupati,"Oktopianus Gobai, S.Ip"
2018,94,Papua,9410,Kab. Paniai,4,Bupati,"Yunus Gobai, S.Sos"
2018,94,Papua,9410,Kab. Paniai,4,Wakil Bupati,"Markus Boma, S.Pd"
2018,94,Papua,9410,Kab. Paniai,5,Bupati,"Yehuda Gobai, S.Th., M.Si"
2018,94,Papua,9410,Kab. Paniai,5,Wakil Bupati,"Yan Tebai, S.Sos., M.Si"
2018,94,Papua,9433,Kab. Puncak,1,Bupati,"Willem Wandik, Se. Msi"
2018,94,Papua,9433,Kab. Puncak,1,Wakil Bupati,"Pelinus Balinal. S.Sos, Ag"
2018,14,Riau,1403,Kab. Indragiri Hilir,1,Bupati,"H. Rosman Malomo, Sh, Mh"
2018,14,Riau,1403,Kab. Indragiri Hilir,1,Wakil Bupati,"Musmulyadi, Ss"
2018,14,Riau,1403,Kab. Indragiri Hilir,2,Bupati,"Dr. H.M. Ramli, Se, M.Si"
2018,14,Riau,1403,Kab. Indragiri Hilir,2,Wakil Bupati,"Dr. H. Ali Azhar, S.Sos, Mh"
2018,14,Riau,1403,Kab. Indragiri Hilir,3,Bupati,"Drs. H. Muhammad Wardan, Mp"
2018,14,Riau,1403,Kab. Indragiri Hilir,3,Wakil Bupati,H. Syamsuddin Uti
2018,76,Sulawesi Barat,7603,Kab. Mamasa,1,Bupati,"Drs. Ramlan Badawi, Mh"
2018,76,Sulawesi Barat,7603,Kab. Mamasa,1,Wakil Bupati,Marthinus Tiranda
2018,76,Sulawesi Barat,7602,Kab. Polewali Mandar,1,Bupati,Salim S. Mengga
2018,76,Sulawesi Barat,7602,Kab. Polewali Mandar,1,Wakil Bupati,"Marwan, St"
2018,76,Sulawesi Barat,7602,Kab. Polewali Mandar,2,Bupati,H. A. Ibrahim Masdar
2018,76,Sulawesi Barat,7602,Kab. Polewali Mandar,2,Wakil Bupati,"Drs. H. M. Natsir Rahmat, Mm"
2018,73,Sulawesi Selatan,7303,Kab. Bantaeng,1,Bupati,Muh.Alwi
2018,73,Sulawesi Selatan,7303,Kab. Bantaeng,1,Wakil Bupati,Nurdin Halim
2018,73,Sulawesi Selatan,7303,Kab. Bantaeng,2,Bupati,"Dra. Hj. Andi Sugiarti Mangun Karim, M. Si"
2018,73,Sulawesi Selatan,7303,Kab. Bantaeng,2,Wakil Bupati,Andi Mappatoba
2018,73,Sulawesi Selatan,7303,Kab. Bantaeng,3,Bupati,"Dr. H. Ilham Syah Azikin, M. Si"
2018,73,Sulawesi Selatan,7303,Kab. Bantaeng,3,Wakil Bupati,Drs. H. Sahabuddin
2018,73,Sulawesi Selatan,7311,Kab. Bone,1,Bupati,"Dr. H. A. Fahsar Mahdin Padjalangi, M.Si."
2018,73,Sulawesi Selatan,7311,Kab. Bone,1,Wakil Bupati,"Drs. H. Ambo Dalle, Mm."
2018,73,Sulawesi Selatan,7316,Kab. Enrekang,1,Bupati,"Drs. H. Muslimin Bando, M.Pd"
2018,73,Sulawesi Selatan,7316,Kab. Enrekang,1,Wakil Bupati,"Asman, Se"
2018,73,Sulawesi Selatan,7304,Kab. Jeneponto,1,Bupati,"H. Mulyadi Mustamu, Sh"
2018,73,Sulawesi Selatan,7304,Kab. Jeneponto,1,Wakil Bupati,"Muhammad Kasmin, Ms, Se"
2018,73,Sulawesi Selatan,7304,Kab. Jeneponto,2,Bupati,"H. Muhammad Sarif, Sh, Mh"
2018,73,Sulawesi Selatan,7304,Kab. Jeneponto,2,Wakil Bupati,Andi Tahal Fasni
2018,73,Sulawesi Selatan,7304,Kab. Jeneponto,3,Bupati,"Drs. H. Iksan Iskandar, M.Si"
2018,73,Sulawesi Selatan,7304,Kab. Jeneponto,3,Wakil Bupati,"H. Paris Yasir, Se"
2018,73,Sulawesi Selatan,7304,Kab. Jeneponto,4,Bupati,"H.A. Baharuddin Baso Jaya, S.Sos, M.Si"
2018,73,Sulawesi Selatan,7304,Kab. Jeneponto,4,Wakil Bupati,"H. Isnaad Ibrahim, Sh"
2018,73,Sulawesi Selatan,7371,Kota Makassar,1,Walikota,"Munafri Arifuddin, Sh"
2018,73,Sulawesi Selatan,7371,Kota Makassar,1,Wakil Walikota,Drg. A. Rachmatika Dewi Yustitia Iqbal
2018,73,Sulawesi Selatan,7373,Kota Palopo,1,Walikota,"Drs. H. M. Judas Amir, Mh"
2018,73,Sulawesi Selatan,7373,Kota Palopo,1,Wakil Walikota,"Ir. H. Rahmat Masri Bandaso, M.Si"
2018,73,Sulawesi Selatan,7373,Kota Palopo,2,Walikota,"Dr. Akhmad Syarifuddin Daud, Se., M.Si"
2018,73,Sulawesi Selatan,7373,Kota Palopo,2,Wakil Walikota,"Budi Sada, S.Ip, Mm"
2018,73,Sulawesi Selatan,7372,Kota Parepare,1,Walikota,"Dr. H. M. Taufan Pawe, S.H.,M.H."
2018,73,Sulawesi Selatan,7372,Kota Parepare,1,Wakil Walikota,H. Pangerang Rahim
2018,73,Sulawesi Selatan,7372,Kota Parepare,2,Walikota,"Ir. H. Achmad Faisal Andi Sapada, S.E.,M.M."
2018,73,Sulawesi Selatan,7372,Kota Parepare,2,Wakil Walikota,"Asriady Samad, A.Md"
2018,73,Sulawesi Selatan,7317,Kab. Luwu,1,Bupati,"Drs. H. Basmin Mattayang, M.Pd"
2018,73,Sulawesi Selatan,7317,Kab. Luwu,1,Wakil Bupati,Syukur Bijak
2018,73,Sulawesi Selatan,7317,Kab. Luwu,2,Bupati,"Patahudding, S.Ag"
2018,73,Sulawesi Selatan,7317,Kab. Luwu,2,Wakil Bupati,"Emmy Tallesang, Ma"
2018,73,Sulawesi Selatan,7315,Kab. Pinrang,1,Bupati,"Ir. H. Abdul Latif, M.Si, Mm, Ipm"
2018,73,Sulawesi Selatan,7315,Kab. Pinrang,1,Wakil Bupati,H. Usman Marham
2018,73,Sulawesi Selatan,7315,Kab. Pinrang,2,Bupati,"H.A.Irwan Hamid,S.Sos"
2018,73,Sulawesi Selatan,7315,Kab. Pinrang,2,Wakil Bupati,"Drs.H. Alimin,M.Si"
2018,73,Sulawesi Selatan,7315,Kab. Pinrang,3,Bupati,H. Jamaluddin Jafar
2018,73,Sulawesi Selatan,7315,Kab. Pinrang,3,Wakil Bupati,"H. A. Sofyan Nawir, S.Sos.,M.Si"
2018,73,Sulawesi Selatan,7315,Kab. Pinrang,4,Bupati,"H. Hamka Mahmud, Sh.M.Si"
2018,73,Sulawesi Selatan,7315,Kab. Pinrang,4,Wakil Bupati,"Ahsan, Sh"
2018,73,Sulawesi Selatan,7314,Kab. Sidenreng Rappang,1,Bupati,"Fatmawati Rusdi, Se"
2018,73,Sulawesi Selatan,7314,Kab. Sidenreng Rappang,1,Wakil Bupati,"Abdul Majid Hafid, Se., M. Si"
2018,73,Sulawesi Selatan,7314,Kab. Sidenreng Rappang,2,Bupati,Ir. Dollah Mando
2018,73,Sulawesi Selatan,7314,Kab. Sidenreng Rappang,2,Wakil Bupati,Ir. Mahmud Yusuf
2018,73,Sulawesi Selatan,7307,Kab. Sinjai,1,Bupati,Andi Seto Gadhista Asapa
2018,73,Sulawesi Selatan,7307,Kab. Sinjai,1,Wakil Bupati,A. Kartini
2018,73,Sulawesi Selatan,7307,Kab. Sinjai,2,Bupati,"H. Sabirin Yahya, S.Sos"
2018,73,Sulawesi Selatan,7307,Kab. Sinjai,2,Wakil Bupati,"A. Mahyanto Massarappi, Sh., Mh"
2018,73,Sulawesi Selatan,7307,Kab. Sinjai,3,Bupati,"H. Takyuddin Masse, Se., M.Si"
2018,73,Sulawesi Selatan,7307,Kab. Sinjai,3,Wakil Bupati,"Mizar Roem, Se"
2018,73,Sulawesi Selatan,7313,Kab. Wajo,1,Bupati,"Dr. H. Amran Mahmud, S,Sos., M.Si"
2018,73,Sulawesi Selatan,7313,Kab. Wajo,1,Wakil Bupati,"H. Amran, Se"
2018,73,Sulawesi Selatan,7313,Kab. Wajo,2,Bupati,"Dr. H. Baso Rahmanuddin, M.M.,M.Kes."
2018,73,Sulawesi Selatan,7313,Kab. Wajo,2,Wakil Bupati,"Kh. Anwar Sadat Bin Abudl Malik, Lc.,M.A"
2018,72,Sulawesi Tengah,7205,Kab. Donggala,1,Bupati,"Drg. Anita Bugiswaty Noerdin, M.Kes"
2018,72,Sulawesi Tengah,7205,Kab. Donggala,1,Wakil Bupati,"Abdul Rahman, St, Iai"
2018,72,Sulawesi Tengah,7205,Kab. Donggala,2,Bupati,"Drs. Kasman Lassa, Sh"
2018,72,Sulawesi Tengah,7205,Kab. Donggala,2,Wakil Bupati,"Moh. Yasin, S.Sos"
2018,72,Sulawesi Tengah,7205,Kab. Donggala,3,Bupati,"Vera Elena Laruni, Se"
2018,72,Sulawesi Tengah,7205,Kab. Donggala,3,Wakil Bupati,"Taufik M. Burhan, S.Pd, M.Si"
2018,72,Sulawesi Tengah,7205,Kab. Donggala,4,Bupati,"Idham Pagaluma, Sh"
2018,72,Sulawesi Tengah,7205,Kab. Donggala,4,Wakil Bupati,"Mohamad Yasin. M. Lataka, Se, Mm"
2018,72,Sulawesi Tengah,7203,Kab. Morowali,1,Bupati,Drs Taslim
2018,72,Sulawesi Tengah,7203,Kab. Morowali,1,Wakil Bupati,"Dr. H. Najamudin, S.Ag, S.Pd, M.Pd"
2018,72,Sulawesi Tengah,7203,Kab. Morowali,2,Bupati,H. Ambo Dalle
2018,72,Sulawesi Tengah,7203,Kab. Morowali,2,Wakil Bupati,Aminudin Awaludin
2018,72,Sulawesi Tengah,7203,Kab. Morowali,3,Bupati,"H. Syarifudin Hafid, Sh"
2018,72,Sulawesi Tengah,7203,Kab. Morowali,3,Wakil Bupati,"Drs. H.Chaerudin N,Zen,Mm"
2018,72,Sulawesi Tengah,7203,Kab. Morowali,4,Bupati,"H. Silahudin Karim, S.Sos"
2018,72,Sulawesi Tengah,7203,Kab. Morowali,4,Wakil Bupati,Sunardin Firdaus
2018,72,Sulawesi Tengah,7203,Kab. Morowali,5,Bupati,"Haris Nunu, Se. Mm"
2018,72,Sulawesi Tengah,7203,Kab. Morowali,5,Wakil Bupati,Drs. Ismail Suaib
2018,72,Sulawesi Tengah,7208,Kab. Parigi Moutong,1,Bupati,H. Samsurizal Tombolotutu
2018,72,Sulawesi Tengah,7208,Kab. Parigi Moutong,1,Wakil Bupati,"Badrun Nggai, Se"
2018,72,Sulawesi Tengah,7208,Kab. Parigi Moutong,2,Bupati,"Erwin Burase, S.Kom"
2018,72,Sulawesi Tengah,7208,Kab. Parigi Moutong,2,Wakil Bupati,"Rahmawati M. Nur, S.Ag"
2018,72,Sulawesi Tengah,7208,Kab. Parigi Moutong,3,Bupati,"H. Amrullah Almahdaly, S.E"
2018,72,Sulawesi Tengah,7208,Kab. Parigi Moutong,3,Wakil Bupati,"Dra. Hj. Yufni Bungkundapu, M.Si"
2018,74,Sulawesi Tenggara,7404,Kab. Kolaka,1,Bupati,"H. Ahmad Safei, Sh, Mh"
2018,74,Sulawesi Tenggara,7404,Kab. Kolaka,1,Wakil Bupati,"H. Muhammad Jayadin, Se., M.E"
2018,74,Sulawesi Tenggara,7404,Kab. Kolaka,2,Bupati,"Dr. Hj. Asmani Arif, Se., Mm"
2018,74,Sulawesi Tenggara,7404,Kab. Kolaka,2,Wakil Bupati,"H. Syahrul Beddu, S.Ip., Mh"
2018,74,Sulawesi Tenggara,7403,Kab. Konawe,1,Bupati,"Muliati Saiman, S.Si"
2018,74,Sulawesi Tenggara,7403,Kab. Konawe,1,Wakil Bupati,"Ir. Mansur, Mt"
2018,74,Sulawesi Tenggara,7403,Kab. Konawe,2,Bupati,"H. Litanto, Sh.,M.Si"
2018,74,Sulawesi Tenggara,7403,Kab. Konawe,2,Wakil Bupati,Hj. Murni Tombili
2018,74,Sulawesi Tenggara,7403,Kab. Konawe,3,Bupati,"H. Irawan Laliasa, Se.,M.Si"
2018,74,Sulawesi Tenggara,7403,Kab. Konawe,3,Wakil Bupati,"Adi Jaya Putra, B.Bus.,M.Com"
2018,74,Sulawesi Tenggara,7403,Kab. Konawe,4,Bupati,Kery Saiful Konggoasa
2018,74,Sulawesi Tenggara,7403,Kab. Konawe,4,Wakil Bupati,"Gusli Topan Sabara, St., Mm"
2018,74,Sulawesi Tenggara,7472,Kota Baubau,1,Walikota,Hj. Roslina Rahim
2018,74,Sulawesi Tenggara,7472,Kota Baubau,1,Wakil Walikota,La Ode Yasin
2018,74,Sulawesi Tenggara,7472,Kota Baubau,2,Walikota,"Dr. H.A.S Tamrin, Mh"
2018,74,Sulawesi Tenggara,7472,Kota Baubau,2,Wakil Walikota,La Ode Ahmad Monianse
2018,74,Sulawesi Tenggara,7472,Kota Baubau,3,Walikota,"Hj. Wa Ode Maasra Manarfa, S.Sos., M.Si"
2018,74,Sulawesi Tenggara,7472,Kota Baubau,3,Wakil Walikota,Ikhsan Ismail
2018,74,Sulawesi Tenggara,7472,Kota Baubau,4,Walikota,"H. Yusran Fahim, Se"
2018,74,Sulawesi Tenggara,7472,Kota Baubau,4,Wakil Walikota,"Drs. H. Ahmad, Mm"
2018,74,Sulawesi Tenggara,7472,Kota Baubau,5,Walikota,"Drs. H. Ibrahim Marsela, M.M."
2018,74,Sulawesi Tenggara,7472,Kota Baubau,5,Wakil Walikota,"Ilyas, S.Sos"
2018,71,Sulawesi Utara,7107,Kab. Bolaang Mongondow Utara,1,Bupati,"Karel Bangko, Sh"
2018,71,Sulawesi Utara,7107,Kab. Bolaang Mongondow Utara,1,Wakil Bupati,"Arman Lumoto, S.Ag., M.Pd.I"
2018,71,Sulawesi Utara,7107,Kab. Bolaang Mongondow Utara,2,Bupati,Drs. Hi. Depri Pontoh
2018,71,Sulawesi Utara,7107,Kab. Bolaang Mongondow Utara,2,Wakil Bupati,"Drs. Hi. Amin Lasena, M.Ap"
2018,71,Sulawesi Utara,7107,Kab. Bolaang Mongondow Utara,3,Bupati,Drs. Hi. Hamdan Datunsolang
2018,71,Sulawesi Utara,7107,Kab. Bolaang Mongondow Utara,3,Wakil Bupati,"Drs. Murianto Babay, M.M"
2018,71,Sulawesi Utara,7108,Kab. Siau Tagulandang Biaro,1,Bupati,"Alfrets Ronald Takarendehang, Se.Ak"
2018,71,Sulawesi Utara,7108,Kab. Siau Tagulandang Biaro,1,Wakil Bupati,Ir. Jutixel Rudolf Parera
2018,71,Sulawesi Utara,7108,Kab. Siau Tagulandang Biaro,2,Bupati,"Siska Salindeho, Se"
2018,71,Sulawesi Utara,7108,Kab. Siau Tagulandang Biaro,2,Wakil Bupati,"Heronimus Makainas, Se"
2018,71,Sulawesi Utara,7108,Kab. Siau Tagulandang Biaro,3,Bupati,Ad Almost Berd Maliogha
2018,71,Sulawesi Utara,7108,Kab. Siau Tagulandang Biaro,3,Wakil Bupati,"Elians Bawole, Se"
2018,71,Sulawesi Utara,7108,Kab. Siau Tagulandang Biaro,4,Bupati,Evangelian Sasingen
2018,71,Sulawesi Utara,7108,Kab. Siau Tagulandang Biaro,4,Wakil Bupati,"Drs. John Heit Palandung, M.Si"
2018,71,Sulawesi Utara,7104,Kab. Kepulauan Talaud,1,Bupati,"Dr. Elly Engelbert Lasut, Me"
2018,71,Sulawesi Utara,7104,Kab. Kepulauan Talaud,1,Wakil Bupati,Moktar Arunde Parapaga
2018,71,Sulawesi Utara,7104,Kab. Kepulauan Talaud,2,Bupati,Welly Titah
2018,71,Sulawesi Utara,7104,Kab. Kepulauan Talaud,2,Wakil Bupati,"Heber Pasiak, S.Pi"
2018,71,Sulawesi Utara,7104,Kab. Kepulauan Talaud,3,Bupati,"Sri Wahyumi Maria Manalip, Se"
2018,71,Sulawesi Utara,7104,Kab. Kepulauan Talaud,3,Wakil Bupati,"Capt. Gunawan Talenggoran, Se, M.Mar"
2018,71,Sulawesi Utara,7104,Kab. Kepulauan Talaud,4,Bupati,"Handri Piter Poae, S.H"
2018,71,Sulawesi Utara,7104,Kab. Kepulauan Talaud,4,Wakil Bupati,"Dr. Clartje Silvia. E. Awulle, S.H. M.Th"
2018,71,Sulawesi Utara,7174,Kota Kotamobagu,1,Walikota,Ir. Hj. Tatong Bara
2018,71,Sulawesi Utara,7174,Kota Kotamobagu,1,Wakil Walikota,"Nayodo Koerniawan, Sh"
2018,71,Sulawesi Utara,7174,Kota Kotamobagu,2,Walikota,Drs. Hi. Jainuddin Damopolii
2018,71,Sulawesi Utara,7174,Kota Kotamobagu,2,Wakil Walikota,Drs. Suharjo Makalalag
2018,71,Sulawesi Utara,7102,Kab. Minahasa,1,Bupati,Ivan Steven Joudrie Sarundajang
2018,71,Sulawesi Utara,7102,Kab. Minahasa,1,Wakil Bupati,"Careig Naichel Runtu, S.Ip"
2018,71,Sulawesi Utara,7102,Kab. Minahasa,2,Bupati,"Ir. Royke Octavian Roring, M.Si"
2018,71,Sulawesi Utara,7102,Kab. Minahasa,2,Wakil Bupati,"Robby Dondokambey, S.Si"
2018,71,Sulawesi Utara,7109,Kab. Minahasa Tenggara,1,Bupati,"James Sumendap,Sh"
2018,71,Sulawesi Utara,7109,Kab. Minahasa Tenggara,1,Wakil Bupati,Jesaja Jocke Oscar Legi
2018,13,Sumatera Barat,1371,Kota Padang,1,Walikota,"Ir. H. Emzalmi, M.Si"
2018,13,Sumatera Barat,1371,Kota Padang,1,Wakil Walikota,"H. Desri Ayunda, Se, Mba"
2018,13,Sumatera Barat,1371,Kota Padang,2,Walikota,"H. Mahyeldi, Sp"
2018,13,Sumatera Barat,1371,Kota Padang,2,Wakil Walikota,"Hendri Septa, B.Bus (Acc)., Mib"
2018,13,Sumatera Barat,1374,Kota Padang Panjang,1,Walikota,"Dr. Mawardi, Mkm"
2018,13,Sumatera Barat,1374,Kota Padang Panjang,1,Wakil Walikota,"Taufiq Idris, Sh"
2018,13,Sumatera Barat,1374,Kota Padang Panjang,2,Walikota,"H. Hendri Arnis, Bsba"
2018,13,Sumatera Barat,1374,Kota Padang Panjang,2,Wakil Walikota,"H. Eko Furqani, Se, Mm"
2018,13,Sumatera Barat,1374,Kota Padang Panjang,3,Walikota,Ir. Rafdi M. Syarif
2018,13,Sumatera Barat,1374,Kota Padang Panjang,3,Wakil Walikota,"Ahmad Fadly, S.Psi"
2018,13,Sumatera Barat,1374,Kota Padang Panjang,4,Walikota,Fadly Amran
2018,13,Sumatera Barat,1374,Kota Padang Panjang,4,Wakil Walikota,Drs. Asrul
2018,13,Sumatera Barat,1377,Kota Pariaman,1,Walikota,Ir. H. Mahyuddin
2018,13,Sumatera Barat,1377,Kota Pariaman,1,Wakil Walikota,"Muhamad Ridwan, S.Ip"
2018,13,Sumatera Barat,1377,Kota Pariaman,2,Walikota,"Dewi Fitri Deswati, S.Pi"
2018,13,Sumatera Barat,1377,Kota Pariaman,2,Wakil Walikota,Pabrisal
2018,13,Sumatera Barat,1377,Kota Pariaman,3,Walikota,"Dr. Genius Umar, S.Sos, M.Si"
2018,13,Sumatera Barat,1377,Kota Pariaman,3,Wakil Walikota,"Drs. Mardison Mahyuddin, Mm"
2018,13,Sumatera Barat,1373,Kota Sawah Lunto,1,Walikota,H. Fauzi Hasan
2018,13,Sumatera Barat,1373,Kota Sawah Lunto,1,Wakil Walikota,"H. Dasrial Ery, Se.Mm"
2018,13,Sumatera Barat,1373,Kota Sawah Lunto,2,Walikota,"Ali Yusuf, S.Pt"
2018,13,Sumatera Barat,1373,Kota Sawah Lunto,2,Wakil Walikota,"H. Ismed, Sh"
2018,13,Sumatera Barat,1373,Kota Sawah Lunto,3,Walikota,"Deri Asta, Sh"
2018,13,Sumatera Barat,1373,Kota Sawah Lunto,3,Wakil Walikota,"Zohirin Sayuti, Se"
2018,16,Sumatera Selatan,1607,Kab. Banyu Asin,1,Bupati,Drs. Agus Yudiantoro
2018,16,Sumatera Selatan,1607,Kab. Banyu Asin,1,Wakil Bupati,"H. Hazuar Bidui Az, S. Sos., M.M"
2018,16,Sumatera Selatan,1607,Kab. Banyu Asin,2,Bupati,H. Arkoni Md
2018,16,Sumatera Selatan,1607,Kab. Banyu Asin,2,Wakil Bupati,H. Hazwar Hamid
2018,16,Sumatera Selatan,1607,Kab. Banyu Asin,3,Bupati,Buya H.M. Husni Thamrin Madani
2018,16,Sumatera Selatan,1607,Kab. Banyu Asin,3,Wakil Bupati,Ir. H. Supartijo
2018,16,Sumatera Selatan,1607,Kab. Banyu Asin,4,Bupati,"Ir. H. Syaiful Bakhri Ar,M.Si"
2018,16,Sumatera Selatan,1607,Kab. Banyu Asin,4,Wakil Bupati,"H. Agus Salam, Sh"
2018,16,Sumatera Selatan,1607,Kab. Banyu Asin,5,Bupati,"H. Askolani, Sh., Mh"
2018,16,Sumatera Selatan,1607,Kab. Banyu Asin,5,Wakil Bupati,H. Slamet
2018,16,Sumatera Selatan,1611,Kab. Empat Lawang,1,Bupati,H. David Hadrianto Aljufri (Hda)
2018,16,Sumatera Selatan,1611,Kab. Empat Lawang,1,Wakil Bupati,"H. M. Eduar Kohar,Se.,Mm  (Hek)"
2018,16,Sumatera Selatan,1611,Kab. Empat Lawang,2,Bupati,"H. Joncik Muhammad, S.Si."
2018,16,Sumatera Selatan,1611,Kab. Empat Lawang,2,Wakil Bupati,Yulius Maulana
2018,16,Sumatera Selatan,1611,Kab. Empat Lawang,3,Bupati,"H.Yulizar Dinoto,Sh"
2018,16,Sumatera Selatan,1611,Kab. Empat Lawang,3,Wakil Bupati,"Drs.H.Kison Syahrin,Mm"
2018,16,Sumatera Selatan,1674,Kota Lubuklinggau,1,Walikota,"H. Toyeb Rakembang, S.Ag"
2018,16,Sumatera Selatan,1674,Kota Lubuklinggau,1,Wakil Walikota,"Sofyan, Sh"
2018,16,Sumatera Selatan,1674,Kota Lubuklinggau,2,Walikota,"Drs. H. S.N.Prana Putra Sohe, Mm"
2018,16,Sumatera Selatan,1674,Kota Lubuklinggau,2,Wakil Walikota,"H. Sulaiman Kohar, Sh, Mh"
2018,16,Sumatera Selatan,1674,Kota Lubuklinggau,3,Walikota,"H. Rustam Effendi, Sh"
2018,16,Sumatera Selatan,1674,Kota Lubuklinggau,3,Wakil Walikota,"Riezky Aprilia, Sh, Mh"
2018,16,Sumatera Selatan,1673,Kota Pagar Alam,1,Walikota,"Hermanto, Sh M.Si"
2018,16,Sumatera Selatan,1673,Kota Pagar Alam,1,Wakil Walikota,Ir. Musabaqo
2018,16,Sumatera Selatan,1673,Kota Pagar Alam,2,Walikota,"Alpian Maskoni, Sh"
2018,16,Sumatera Selatan,1673,Kota Pagar Alam,2,Wakil Walikota,"Muhammad Fadli, Se"
2018,16,Sumatera Selatan,1673,Kota Pagar Alam,3,Walikota,"Dr. Hj. Ida Fitriati Basjuni, M.Kes"
2018,16,Sumatera Selatan,1673,Kota Pagar Alam,3,Wakil Walikota,"Ir. Armansah, Mm"
2018,16,Sumatera Selatan,1673,Kota Pagar Alam,4,Walikota,Novirzah Djazuli. Se.
2018,16,Sumatera Selatan,1673,Kota Pagar Alam,4,Wakil Walikota,"H. Suharindi Sj, S.Pd.,Mm"
2018,16,Sumatera Selatan,1673,Kota Pagar Alam,5,Walikota,Ludi Oliansyah
2018,16,Sumatera Selatan,1673,Kota Pagar Alam,5,Wakil Walikota,H. A. Fachri
2018,16,Sumatera Selatan,1673,Kota Pagar Alam,6,Walikota,"Ir. Gunawan, Mt"
2018,16,Sumatera Selatan,1673,Kota Pagar Alam,6,Wakil Walikota,"Febrianto, Sh., S.Si"
2018,16,Sumatera Selatan,1671,Kota Palembang,1,Walikota,"H. Harnojoyo, S.Sos"
2018,16,Sumatera Selatan,1671,Kota Palembang,1,Wakil Walikota,"Fitrianti Agustinda, S.H."
2018,16,Sumatera Selatan,1671,Kota Palembang,2,Walikota,"Ir. H. Sarimuda, Mt."
2018,16,Sumatera Selatan,1671,Kota Palembang,2,Wakil Walikota,"Ir. Kgs. H. Abdul Rozak, M.Sc."
2018,16,Sumatera Selatan,1671,Kota Palembang,3,Walikota,H. M. Akbar Alfaro
2018,16,Sumatera Selatan,1671,Kota Palembang,3,Wakil Walikota,Hernoe Roesprijadji
2018,16,Sumatera Selatan,1671,Kota Palembang,4,Walikota,H. Mularis Djahri
2018,16,Sumatera Selatan,1671,Kota Palembang,4,Wakil Walikota,H. Syaidina Ali
2018,16,Sumatera Selatan,1672,Kota Prabumulih,1,Walikota,"Ir. H. Ridho Yahya, M.M."
2018,16,Sumatera Selatan,1672,Kota Prabumulih,1,Wakil Walikota,"H. Andriansyah Fikri, S.H."
2018,16,Sumatera Selatan,1604,Kab. Lahat,1,Bupati,"H. Nopran Marjani, S. Pd"
2018,16,Sumatera Selatan,1604,Kab. Lahat,1,Wakil Bupati,"Herliansyah, Sh., Mh"
2018,16,Sumatera Selatan,1604,Kab. Lahat,2,Bupati,"Ir. H. Hapit Padli, Mm"
2018,16,Sumatera Selatan,1604,Kab. Lahat,2,Wakil Bupati,"H. Erlansyah Rumsyah, Se, Mm"
2018,16,Sumatera Selatan,1604,Kab. Lahat,3,Bupati,"Cik Ujang, Sh"
2018,16,Sumatera Selatan,1604,Kab. Lahat,3,Wakil Bupati,"H. Haryanto, Se, Mm"
2018,16,Sumatera Selatan,1604,Kab. Lahat,4,Bupati,"H. Bursah Zarnubi, Se"
2018,16,Sumatera Selatan,1604,Kab. Lahat,4,Wakil Bupati,"Drs. Parhan Berza, Mm"
2018,16,Sumatera Selatan,1604,Kab. Lahat,5,Bupati,"Drs. H. Purnawarman Kias, Sh"
2018,16,Sumatera Selatan,1604,Kab. Lahat,5,Wakil Bupati,Rozi Adiansyah
2018,16,Sumatera Selatan,1603,Kab. Muara Enim,1,Bupati,"Dr. Ir. H. Syamsul Bahri, Mm"
2018,16,Sumatera Selatan,1603,Kab. Muara Enim,1,Wakil Bupati,"Ir. H. Hanan Zulkarnain, Mtp"
2018,16,Sumatera Selatan,1603,Kab. Muara Enim,2,Bupati,H. Nurul Aman
2018,16,Sumatera Selatan,1603,Kab. Muara Enim,2,Wakil Bupati,M. Thamrin Az
2018,16,Sumatera Selatan,1603,Kab. Muara Enim,3,Bupati,"Dr. Hj. Shinta Paramita Sari, Sh, M.Hum"
2018,16,Sumatera Selatan,1603,Kab. Muara Enim,3,Wakil Bupati,"Syuryadi, Se"
2018,16,Sumatera Selatan,1603,Kab. Muara Enim,4,Bupati,"Ir. H. Ahmad Yani.,Mm"
2018,16,Sumatera Selatan,1603,Kab. Muara Enim,4,Wakil Bupati,"H. Juarsah, Sh"
2018,16,Sumatera Selatan,1602,Kab. Ogan Komering Ilir,1,Bupati,"H. Iskandar, Se"
2018,16,Sumatera Selatan,1602,Kab. Ogan Komering Ilir,1,Wakil Bupati,H. M. Dja'Far Shodiq
2018,16,Sumatera Selatan,1602,Kab. Ogan Komering Ilir,2,Bupati,"Abdiyanto, Sh., Mh"
2018,16,Sumatera Selatan,1602,Kab. Ogan Komering Ilir,2,Wakil Bupati,"Made Indrawan, St., Mh"
2018,16,Sumatera Selatan,1602,Kab. Ogan Komering Ilir,3,Bupati,H. Azhari
2018,16,Sumatera Selatan,1602,Kab. Ogan Komering Ilir,3,Wakil Bupati,H. Qomarus Zaman
2018,12,Sumatera Utara,1219,Kab. Batu Bara,1,Bupati,"H. Rm. Harry Nugroho, Se"
2018,12,Sumatera Utara,1219,Kab. Batu Bara,1,Wakil Bupati,"Dr. H. Mhd Syafi'I, Sh, Mh, M.Si"
2018,12,Sumatera Utara,1219,Kab. Batu Bara,2,Bupati,"Drs. H. Darwis, M.Si"
2018,12,Sumatera Utara,1219,Kab. Batu Bara,2,Wakil Bupati,"H. Janmat Sembiring, Se"
2018,12,Sumatera Utara,1219,Kab. Batu Bara,3,Bupati,"Ir. H. Zahir, M.Ap"
2018,12,Sumatera Utara,1219,Kab. Batu Bara,3,Wakil Bupati,"Oky Iqbal Frima, Se"
2018,12,Sumatera Utara,1219,Kab. Batu Bara,4,Bupati,"Khairil Anwar, Sh"
2018,12,Sumatera Utara,1219,Kab. Batu Bara,4,Wakil Bupati,"Drs. H. Sofyan Alwi, M.Hum"
2018,12,Sumatera Utara,1210,Kab. Dairi,1,Bupati,"Depriwanto Sitohang, St, Mm"
2018,12,Sumatera Utara,1210,Kab. Dairi,1,Wakil Bupati,"Azhar Bintang, Sh"
2018,12,Sumatera Utara,1210,Kab. Dairi,2,Bupati,Dr. Eddy Keleng Ate Berutu
2018,12,Sumatera Utara,1210,Kab. Dairi,2,Wakil Bupati,"Jimmy Andrea Lukita Sihombing, Sh"
2018,12,Sumatera Utara,1210,Kab. Dairi,3,Bupati,"St. Rimso Maruli Sinaga, Sh, Mh"
2018,12,Sumatera Utara,1210,Kab. Dairi,3,Wakil Bupati,"Bilker Purba, Amd"
2018,12,Sumatera Utara,1212,Kab. Deli Serdang,1,Bupati,H. Ashari Tambunan
2018,12,Sumatera Utara,1212,Kab. Deli Serdang,1,Wakil Bupati,H.M Ali Yusuf Siregar
2018,12,Sumatera Utara,1277,Kota Padangsidimpuan,1,Walikota,"H. Muhammad Isnandar Nasution, S.Sos"
2018,12,Sumatera Utara,1277,Kota Padangsidimpuan,1,Wakil Walikota,"Dr. H. Ali Pada Harahap, M.Pd"
2018,12,Sumatera Utara,1277,Kota Padangsidimpuan,2,Walikota,"H. Rusydi Nasution, S.T.P., M.M"
2018,12,Sumatera Utara,1277,Kota Padangsidimpuan,2,Wakil Walikota,"Drs. H. Abd. Rosad Lubis, Mm"
2018,12,Sumatera Utara,1277,Kota Padangsidimpuan,3,Walikota,"Irsan Efendi Nasution, Sh"
2018,12,Sumatera Utara,1277,Kota Padangsidimpuan,3,Wakil Walikota,"Ir. H. Arwin Siregar, Mm"
2018,12,Sumatera Utara,1213,Kab. Langkat,1,Bupati,Terbit Rencana Perangin Angin
2018,12,Sumatera Utara,1213,Kab. Langkat,1,Wakil Bupati,"H. Syah Afandin, Sh"
2018,12,Sumatera Utara,1213,Kab. Langkat,2,Bupati,"H. Rudi Hartono Bangun Se, Map"
2018,12,Sumatera Utara,1213,Kab. Langkat,2,Wakil Bupati,Budiono.Se
2018,12,Sumatera Utara,1213,Kab. Langkat,3,Bupati,"Drs. H. Sulistianto, M.Si"
2018,12,Sumatera Utara,1213,Kab. Langkat,3,Wakil Bupati,"Heriansyah, S.Ag"
2018,12,Sumatera Utara,1221,Kab. Padang Lawas,1,Bupati,H. Tondi Roni Tua
2018,12,Sumatera Utara,1221,Kab. Padang Lawas,1,Wakil Bupati,"Ir. H. Syarifuddin Hsb, M.Si"
2018,12,Sumatera Utara,1221,Kab. Padang Lawas,2,Bupati,Ali Sutan Harahap
2018,12,Sumatera Utara,1221,Kab. Padang Lawas,2,Wakil Bupati,"Drg. H.Ahmad Zarnawi Pasaribu,C.Ht.,Mm.,M.Si"
2018,12,Sumatera Utara,1221,Kab. Padang Lawas,3,Bupati,Drs. H. Rahmad Pardamean Hasibuan
2018,12,Sumatera Utara,1221,Kab. Padang Lawas,3,Wakil Bupati,Syahrul Efendi Hasibuan
2018,12,Sumatera Utara,1220,Kab. Padang Lawas Utara,1,Bupati,"Andar Amin Harahap, S.Stp, M.Si"
2018,12,Sumatera Utara,1220,Kab. Padang Lawas Utara,1,Wakil Bupati,"H. Hariro Harahap, Se, M.Si"
2018,12,Sumatera Utara,1205,Kab. Tapanuli Utara,1,Bupati,"Drs. Nikson Nababan, M.Si"
2018,12,Sumatera Utara,1205,Kab. Tapanuli Utara,1,Wakil Bupati,"Sarlandy Hutabarat, Sh"
2018,12,Sumatera Utara,1205,Kab. Tapanuli Utara,2,Bupati,"Dr. Jonius Tp. Hutabarat, S.Si, M.Si"
2018,12,Sumatera Utara,1205,Kab. Tapanuli Utara,2,Wakil Bupati,"Frengky P. Simanjuntak, Se, M.Si"
2018,12,Sumatera Utara,1205,Kab. Tapanuli Utara,3,Bupati,"Christmanto Lumbantobing, S.Sos"
2018,12,Sumatera Utara,1205,Kab. Tapanuli Utara,3,Wakil Bupati,"Drs. Hotman P. Hutasoit, Bsc, Sh"
