nama_kantor,wilayah_administrasi,kecamatan,kelurahan,alamat_kantor,latitude,longitude,telepon,faxsimile
Kantor Walikota Jakarta Utara,Jakarta Utara,Kec. Tanjung Priok,Kel. Kebon Bawang,"Jl. Yos Sudarso, RT.8/RW.14 Kav.27-29",-6.120065,106.892275,021 4301124,021 4357401
Kantor Camat Kelapa Gading,Jakarta Utara,Kec. Kelapa Gading,Kel. Kelapa Gading Timur,Jl. Boulevard Timur Raya No. 1,-6.151319,106.904672,021 4501336,021 4501337
Kantor Lurah Kelapa Gading Timur,Jakarta Utara,Kec. Kelapa Gading,Kel. Kelapa Gading Timur,Jl. Gading Elok Barat III Blok DS No.1,-6.166644,106.902424,021 45858044,021 45858044
Kantor Lurah Pegangsaan Dua,Jakarta Utara,Kec. Kelapa Gading,Kel. Pegangsaan Dua,Jl. Raya Kelapa Nias Blok PA. 3 No. 8,-6.154413,106.910807,021 45841273,021 45866487
Kantor Lurah Kelapa Gading Barat,Jakarta Utara,Kec. Kelapa Gading,Kel. Kelapa Gading Barat,Jalan Tabah I No.4 Komplek TNI-AL Kodamar RT.008 RW.02 ,-6.162897,106.884723,021 4503169,021 4527857
Kantor Camat Penjaringan,Jakarta Utara,Kec. Penjaringan,Kel. Penjaringan,Jl Pluit Raya 5 RT.21/RW.08,-6.126705,106.793906,021 6692051,021 6692051
Kantor Lurah Penjaringan,Jakarta Utara,Kec. Penjaringan,Kel. Penjaringan,Jl.Pluit Selatan Raya No.1 RT.007 RW.07,-6.125477,106.800805,021 66603795,021 66603795
Kantor Lurah Pejagalan,Jakarta Utara,Kec. Penjaringan,Kel. Pejagalan,Jl. Boncel No. 1 Teluk Gongï¾ ,-6.133556,106.779851,021 6694091,021 6694091
Kantor Lurah Kamal Muara,Jakarta Utara,Kec. Penjaringan,Kel. Kamal Muara,Jl. Kamal Muara Raya No. 8,-6.098341,106.714253,021 5550302,021 5550302
Kantor Lurah Kapuk Muara,Jakarta Utara,Kec. Penjaringan,Kel. Kapuk Muara,Jl. SMP 122 No.1 RT.001/RW.03,-6.136835,106.763755,021 6192425,021 5401151
Kantor Lurah Pluit,Jakarta Utara,Kec. Penjaringan,Kel. Pluit,Jl. Pluit Karang Permai RT.006/RW.08,-6.12192,106.775666,021 6603729,021 6626557
Kantor Camat  Tanjung Priok,Jakarta Utara,Kec. Tanjung Priok,Kel. Kebon Bawang,Yos Sudarso No.22 RT.16/RW.06,-6.116628,106.892764,021 43935429,021 43935429
Kantor Lurah Tanjung Priok,Jakarta Utara,Kec. Tanjung Priok,Kel. Tanjung Priok,Jl. Tenggiri No. 47 RT.004/08,-6.112824,106.881502,021 4371702,021 43931256
Kantor Lurah Sungai Bambu,Jakarta Utara,Kec. Tanjung Priok,Kel. Sungai Bambu,Jalan Ganggang Raya No.16 RT.013/01,-6.116196,106.881013,021 43930089,021 4371709
Kantor Lurah Kebon Bawang ,Jakarta Utara,Kec. Tanjung Priok,Kel. Kebon Bawang,Jl. Swasembada Timur No. 1,-6.115853,106.888722,021 43930832,021 43930832
Kantor Lurah Warakas,Jakarta Utara,Kec. Tanjung Priok,Kel. Warakas,Jl. Warakas III Gg. XIV No.9 RT.13/03,-6.119739,106.875361,021 4371704,021 4371704
Kantor Lurah Sunter Jaya ,Jakarta Utara,Kec. Tanjung Priok,Kel. Sunter Jaya,Jl. Bentengan Tim VI No. 1 RT. 007/05,-6.149698,106.867397,021 6506000,021 6506000
Kantor Lurah Sunter Agung,Jakarta Utara,Kec. Tanjung Priok,Kel. Sunter Agung,Jl. Sunter Karya Utara Blok G No. 2 RT.014/13,-6.139265,106.871217,021 6459933,021 6459933
Kantor Lurah Papanggo,Jakarta Utara,Kec. Tanjung Priok,Kel. Papanggo,Jl. Bisma Timur II No.1 RT.012/09,-6.13017,106.871322,021 65300278,021 65300278
Kantor Camat Koja,Jakarta Utara,Kec. Koja,Kel. Lagoa, Jl. Mangga No. 49,-6.117971,106.910785,021 43930778,021 43930778
Kantor Lurah Rawabadak Selatan,Jakarta Utara,Kec. Koja,Kel. Rawabadak Selatan,Jl. Alur Laut No.7 RT.009/04,-6.128293,106.898815,021 43900417,021 43900417
Kantor Lurah Koja,Jakarta Utara,Kec. Koja,Kel. Koja,Jl. Inspeksi Kali Sunter No.1 RW.009,-6.16636,106.88136,021 43931927,021 4371711
Kantor Lurah Rawabadak Utara,Jakarta Utara,Kec. Koja,Kel. Rawabadak Utara,Jln. Alur Laut Utara No. 1,-6.11916,106.898729,021 43930174,021 4371705
Kantor Lurah Tugu Selatan,Jakarta Utara,Kec. Koja,Kel. Tugu Selatan,Jl. Bendungan Melayu Utara No.1 RT.002 RW.02,-6.131308,106.908043,021 4301555,021 4371707
Kantor Lurah Lagoa,Jakarta Utara,Kec. Koja,Kel. Lagoa,Jl. Mangga No. 7 RT. 016 RW. 08,-6.114078,106.910727,021 43930187,021 4371710
Kantor Lurah Tugu Utara,Jakarta Utara,Kec. Koja,Kel. Tugu Utara,Jl.Mahoni Selatan No.1 Gg.A RT.014/10,-6.122828,106.912973,021 43571705,021 4371708
Kantor Camat Cilincing,Jakarta Utara,Kec. Cilincing,Kel. Cilincing,Jl. Sungai Landak No.7 ,-6.102511,106.939186,021 4403179,021 4403179
Kantor Lurah Cilincing,Jakarta Utara,Kec. Cilincing,Kel. Cilincing,Jalan Cilincing Bakti VI No.2,-6.109162,106.938919,021 4405558,021 4405558
Kantor Lurah Kalibaru,Jakarta Utara,Kec. Cilincing,Kel. Kalibaru,Jl. Kalibaru Timur II No.60,-6.102268,106.92894,021 4401884,021 4404079
Kantor Lurah Semper Barat,Jakarta Utara,Kec. Cilincing,Kel. Semper Barat,Jl. Pemadam Kebakaran No. 1 ,-6.130436,106.92774,021 4400808,021 4417257
Kantor Lurah Semper Timur,Jakarta Utara,Kec. Cilincing,Kel. Semper Timur,Jalan Madya Kebantenan No. 20 ,-6.112727,106.92611,021 4405089,021 4405089
Kantor Lurah Marunda ,Jakarta Utara,Kec. Cilincing,Kel. Marunda,Jl. Marunda Baru No.5 RW.06 ,-6.124655,106.958301,021 44851565,021 44851565
Kantor Lurah Rorotan,Jakarta Utara,Kec. Cilincing,Kel. Rorotan,Jl. Rorotan IV No. 4,-6.151899,106.956046,021 44850556,021 44850556
Kantor Lurah Sukapura,Jakarta Utara,Kec. Cilincing,Kel. Sukapura,Jl Tipar Cakung No. 17 RT. 010/01,-6.148037,106.924159,021 44837320,021 44837320
Kantor Camat Pademangan ,Jakarta Utara,Kec. Pademangan,Kel. Pademangan Barat,Jl. GOR Pademangan No. 1 ,-6.133156,106.837045,021 6459956,021 6459956
Kantor Lurah Ancol,Jakarta Utara,Kec. Pademangan,Kel. Ancol,Jl. Ancol Barat III No. 1,-6.123823,106.817269,021 6925911,021 6925911
Kantor Lurah Pademangan Timur,Jakarta Utara,Kec. Pademangan,Kel. Pademangan Timur,Jl. Pademangan VII RT. 004 RW.10 No.44,-6.130801,106.845358,021 64711817,021 64702807
Kantor Lurah Pademangan Barat,Jakarta Utara,Kec. Pademangan,Kel. Pademangan Barat,Jl Budi Mulia Raya RT 015 RW 011 ,-6.132591,106.840214,021 64712283,021 64712283
Kantor Walikota Jakarta Barat,Jakarta Barat,Kec. Kembangan ,Kel. Kembangan Selatan,Jalan Raya Kembangan No. 2,-6.185834,106.737469,021 5821722,021 5821721
Kantor Camat Cengkareng,Jakarta Barat,Kec. Cengkareng,Kel. Ceng - Barat,Jl. Kamal Raya No. 1 ,-6.150372,106.726847,021 6192673,021 6193590
Kantor Lurah Cengkareng Barat,Jakarta Barat,Kec. Cengkareng,Kel. Ceng - Barat,Jl. Utama Raya No. 1 ,-6.149718,106.721162,021 6190223,021 6190223
Kantor Lurah Cengkareng Timur,Jakarta Barat,Kec. Cengkareng,Kel. Ceng - Timur,Jl. Fajar Baru Utara No.16A,-6.145135,106.733355,021 6198529,021 6198529
Kantor Lurah Kapuk,Jakarta Barat,Kec. Cengkareng,Kel. Kapuk,Jl.Kapuk Raya RT.002 RW.03 No.1,-6.131364,106.746135,021 6191876,021 6191976
Kantor Lurah Duri Kosambi,Jakarta Barat,Kec. Cengkareng,Kel. Duri Kosambi,Jl. Duri Kosambi Raya No.9,-6.168777,106.722122,021 6193045,021 6193045
Kantor Lurah Rawa Buaya,Jakarta Barat,Kec. Cengkareng,Kel. Rawa Buaya,Jalan Bojong Raya RT.005/04,-6.170786,106.731163,021 5813733,021 5814376
Kantor Lurah Kedaung Kali Angke,Jakarta Barat,Kec. Cengkareng,Kel. Kedaung Kali Angke,Komplek Dept. Agama RT.016 RW.003,-6.153571,106.762131,021 54373623,021 54373623
Kantor Camat Grogol Petamburan,Jakarta Barat,Kec. Grogol Petamburan,Kel. Tj. Duren Utara,Jl. Tanjung Duren Barat IV No. 2 ,-6.178131,106.78324,021 5604330,021 5604330
Kantor Lurah Grogol,Jakarta Barat,Kec. Grogol Petamburan,Kel. Grogol,Jl. Nurdin Raya No. 41-43 RT. 009 RW. 08 ,-6.159235,106.793382,021 5684967,021 5684967
Kantor Lurah Jelambar Baru,Jakarta Barat,Kec. Grogol Petamburan,Kel. Jelambar Baru,Jl. Taman Duta Mas Blok A/5,-6.147199,106.781481,021 5668923,021 5668923
Kantor Lurah Tanjung Duren Selatan,Jakarta Barat,Kec. Grogol Petamburan,Kel. Tj. Duren Selatan,Jl. Tanjung Duren Timur Dalam VI,-6.18116,106.787935,021 5632791,021 5632791
Kantor Lurah Tanjung Duren Utara,Jakarta Barat,Kec. Grogol Petamburan,Kel. Tj. Duren Utara,Jl. Tanjung Duren Raya No.2,-6.173333,106.789006,021 5671743,021 5671743
Kantor Lurah Tomang,Jakarta Barat,Kec. Grogol Petamburan,Kel. Tomang,Jl. Mandala Selatan IV No. 26 RT.012/04,-6.171605,106.800174,021 56941910,021 56941910
Kantor Lurah Jelambar,Jakarta Barat,Kec. Grogol Petamburan,Kel. Jelambar  ,Jl.Hadiah Utama 1 Blok F7 No.153 ,-6.161539,106.781631,021 5684003,021 5684003
Kantor Lurah Wijaya Kusuma,Jakarta Barat,Kec. Grogol Petamburan,Kel. Wijaya Kusuma,Jl. Perdana I No. 2,-6.15364,106.772432,021 56963016,021 56943472
Kantor Camat Tambora,Jakarta Barat,Kec. Tambora,Kel. Angke,Jalan Pangeran Tubagus Angke ,-6.143507,106.79134,021 6320557,021 6320725
Kantor Lurah Kalianyar,Jakarta Barat,Kec. Tambora,Kel. Kalianyar,Jalan Kalianyar IV RT.004 RW.03 No.10,-6.156371,106.799287,021 6313217,021 6313217
Kantor Lurah Tambora,Jakarta Barat,Kec. Tambora,Kel. Tambora,Jl Tambora III No 8,-6.146752,106.808577,021 63850137,021 63850137
Kantor Lurah Tanah Sereal,Jakarta Barat,Kec. Tambora,Kel. Tanah Sereal,JL. KH. Moh. Mansyur No. 116,-6.158306,106.808608,021 6390644,021 63861734
Kantor Lurah Krendang,Jakarta Barat,Kec. Tambora,Kel. Krendang,Jl. Krendang Selatan No. 21,-6.152139,106.801885,021 6313661,021 6313661
Kantor Lurah Jembatan Besi,Jakarta Barat,Kec. Tambora,Kel. Jembatan Besi,Jl. Jembatan Besi VIII No.2 RT.012 RW.06 ,-6.152691,106.798254,021 6310743,021 6310743
Kantor Lurah Angke,Jakarta Barat,Kec. Tambora,Kel. Angke,Jl. H. Jamhari No. 25RT.02/RW.01,-6.143517,106.800282,021 6342578,021 6342578
Kantor Lurah Jembatan Lima,Jakarta Barat,Kec. Tambora,Kel. Jembatan Lima,Jl. Stasiun Angke No.134  RT.005/05 ,-6.144399,106.800717,021 6499829,021 6499829
Kantor Lurah Duri Selatan,Jakarta Barat,Kec. Tambora,Kel. Duri Selatan,Jl. Duri Selatan VIII No.9 RT.04 RW. 05 ,-6.158185,106.802458,021 6302371,021 6302371
Kantor Lurah Pekojan,Jakarta Barat,Kec. Tambora,Kel. Pekojan,Jl.Pekojan 3 No.97 ,-6.139497,106.800964,021 6915992,021 6903186
Kantor Lurah Duri Utara,Jakarta Barat,Kec. Tambora,Kel. Duri Utara,Jl. Duri Utara Raya No. 22,-6.154834,106.801833,021 6329859,021 6329859
Kantor Lurah Roa Malaka,Jakarta Barat,Kec. Tambora,Kel. Roa Malaka,Jl. Tiang Bendera V No. 36 RT.004/03 ,-6.132536,106.807495,021 6925765,021 6925765
Kantor Camat Taman Sari,Jakarta Barat,Kec. Taman Sari,Kel. Pinangsia,Jl. Kemukus No. 2 RT.009/07,-6.134273,106.815397,021 6907046,021 6904400
Kantor Lurah Taman Sari,Jakarta Barat,Kec. Taman Sari,Kel. Taman Sari,Jl. Mangga Besar IV No. 7 RT.002/01,-6.150722,106.823192,021 6396087,021 6396087
Kantor Lurah Glodok,Jakarta Barat,Kec. Taman Sari,Kel. Glodok,Jl. Keadilan I No 1 RT 04/04,-6.14618,106.812832,021 6296843,021 6296843
Kantor Lurah Mangga Besar,Jakarta Barat,Kec. Taman Sari,Kel. Mangga Besar,Jl. Mangga Besar III No. 1 RT.002/05,-6.147329,106.819252,021 6297674,021 6297674
Kantor Lurah Pinangsia,Jakarta Barat,Kec. Taman Sari,Kel. Pinangsia,Jl. Mangga Dua III No. 111,-6.13844,106.819587,021 6012530,021 6012530
Kantor Lurah Krukut,Jakarta Barat,Kec. Taman Sari,Kel. Krukut,Jl. Keutamaan No.39,-6.155647,106.816278,021 63854384,021 63854384
Kantor Lurah Tangki,Jakarta Barat,Kec. Taman Sari,Kel. Tangki,Jl. THR Dalam No.2 Lokasari ,-6.146343,106.822541,021 6285043,021 6285043
Kantor Lurah Keagungan,Jakarta Barat,Kec. Taman Sari,Kel. Keagungan,Jl. Keagungan No.57/59 RT.002 RW.08 ,-6.150889,106.814952,021 6296844,021 6296844
Kantor Lurah Maphar,Jakarta Barat,Kec. Taman Sari,Kel. Maphar,Jl. Kebon Jeruk XVI No 15 RT.002/RW.08,-6.152936,106.818677,021 6292486,021 6292486
Kantor Camat Kalideres,Jakarta Barat,Kec. Kalideres,Kel. Pegadungan ,Jl. Peta Utara No. 26,-6.142246,106.702167,021 6198350,021 6198350
Kantor Lurah Semanan,Jakarta Barat,Kec. Kalideres,Kel. Semanan,Jl. Semanan Raya No.45 RT.06/07,-6.160107,106.705479,021 6191987,021 6191987
Kantor Lurah Kalideres,Jakarta Barat,Kec. Kalideres,Kel. Kalideres,Perumahan Citra I Blok G VI/13 RT.001/09 ,-6.143427,106.692377,021 5447657,021 5447657
Kantor Lurah Pegadungan,Jakarta Barat,Kec. Kalideres,Kel. Pegadungan ,Jl. Palem Raja Timur Komp. Citra 3 Blok D 11 RT. 015/013,-6.129842,106.710954,021 6190467,021 6190467
Kantor Lurah Kamal,Jakarta Barat,Kec. Kalideres,Kel. Kamal,Jalan Benda Raya No. 1 RT. 007/02 ,-6.104496,106.706132,021 5550921,021 5550921
Kantor Lurah Tegal Alur,Jakarta Barat,Kec. Kalideres,Kel. Tegal Alur,Jl. Kamal Raya No.3 Tegal Alur,-6.118345,106.719677,021 5558057,021 5558057
Kantor Camat Palmerah,Jakarta Barat,Kec. Palmerah,Kel. Palmerah,"Jl. Kyai Haji Taisir No.2, RT 02/RW 12",-6.198861,106.786992,021 5480739,021 5346563
Kantor Lurah Kota Bambu Selatan,Jakarta Barat,Kec. Palmerah,Kel. Kota Bambu Selatan,Jl. H. Saaman No.41 RT.011 RW.06,-6.185047,106.801923,021 5655866,021 5655866
Kantor Lurah Palmerah,Jakarta Barat,Kec. Palmerah,Kel. Palmerah,Jl.Komplek Sandang No.2 RT.05/010 ,-6.202172,106.787003,021 5490872,021 5490872
Kantor Lurah Jatipulo,Jakarta Barat,Kec. Palmerah,Kel. Jatipulo,Jl. Turi No.30 RT.014/03,-6.177013,106.804228,021 5671745,021 5671745
Kantor Lurah Kota Bambu Utara,Jakarta Barat,Kec. Palmerah,Kel. Kota Bambu Utara,JL. Kota Bambu Utara No. 2,-6.185378,106.807393,021 5638671,021 5638671
Kantor Lurah Slipi,Jakarta Barat,Kec. Palmerah,Kel. Slipi,Jl. KS Tubun III Dalam No. 10 RT 004/ 02 ,-6.193573,106.801947,021 5481110,021 5481110
Kantor Lurah Kemanggisan,Jakarta Barat,Kec. Palmerah,Kel. Kemanggisan,Jalan Kemanggisan Hilir 1 No.2 RT.006/07,-6.192377,106.786668,021 5482206,021 5482206
Kantor Camat Kebon Jeruk,Jakarta Barat,Kec. Kebon Jeruk,Kel. Kebon Jeruk,"Jl. Raya Kebon Jeruk No.2, RT.5/RW.1",-6.198773,106.764278,021 5483291/ 53650951,021 5483291
Kantor Lurah Sukabumi Utara,Jakarta Barat,Kec. Kebon Jeruk,Kel. Sukabumi Utara,Jl. Madrasah II No 34,-6.209984,106.777643,021 5341533,021 5341533
Kantor Lurah Kedoya Utara,Jakarta Barat,Kec. Kebon Jeruk,Kel. Kedoya Utara,Jl. Flamboyan I No. 1 RW. 011 ,-6.176943,106.767501,021 5650517,021 5650517
Kantor Lurah Kedoya Selatan,Jakarta Barat,Kec. Kebon Jeruk,Kel. Kedoya Selatan,Jl. Kedoya Raya RT.001 RW.03,-6.179691,106.759018,021 5802133,021 5814132
Kantor Lurah Duri Kepa,Jakarta Barat,Kec. Kebon Jeruk,Kel. Duri Kepa,Jl. Duri Raya No. 1 RT. 004 RW.007 ,-6.184792,106.773111,021 5672464,021 5672464
Kantor Lurah Kebon Jeruk,Jakarta Barat,Kec. Kebon Jeruk,Kel. Kebon Jeruk ,Jl. Perumahan Kebon Jeruk Baru RT. 08 RW .11,-6.189925,106.772965,021 5481474,021 5481474
Kantor Lurah Sukabumi Selatan,Jakarta Barat,Kec. Kebon Jeruk,Kel. Sukabumi Selatan,Jl. Raya Sukabumi Selatan ,-6.217771,106.769902,021 5481925,021 5481925
Kantor Lurah Kelapa Dua,Jakarta Barat,Kec. Kebon Jeruk,Kel. Kelapa Dua ,Jl. Raya Kelapa Dua No.2,-6.214366,106.769434,021 53662601,021 021-53662601
Kantor Camat Kembangan,Jakarta Barat,Kec. Kembangan ,Kel. Meruya Utara,Taman Meruya Ilir Jl. Intan 6 Blok F7 No.6,-6.194937,106.736464,021 5814143,021 58908501
Kantor Lurah Kembangan Selatan,Jakarta Barat,Kec. Kembangan ,Kel. Kembangan Selatan,Jl. Kembangan Abadi Utama Blok A2 No.2 RT.002/08,-6.183414,106.751587,021 5815342,021 58355213
Kantor Lurah Meruya Utara,Jakarta Barat,Kec. Kembangan ,Kel. Meruya Utara,Jalan Taman Aries Blok C6/1,-6.19641,106.747712,021 5858934,021 5858934
Kantor Lurah Meruya Selatan,Jakarta Barat,Kec. Kembangan ,Kel. Meruya Selatan,Jl. H.Saaba Raya No. 7 RT. 002 RW. 02,-6.214936,106.736291,021 5840796,021 5840796
Kantor Lurah Srengseng,Jakarta Barat,Kec. Kembangan ,Kel. Srengseng  ,Jalan Srengseng Raya No. 1 RT. 001/02,-6.203516,106.756717,021 5840808,021 5840808
Kantor Lurah Joglo,Jakarta Barat,Kec. Kembangan ,Kel. Joglo,Jl. Joglo Raya No.1,-6.220434,106.735461,021 5864752,021 5864752
Kantor Lurah Kembangan Utara,Jakarta Barat,Kec. Kembangan ,Kel. Kembangan Utara,Jl. H. Saanan RT. 004/02 ,-6.179079,106.735312,021 5823750,021 5823750
Kantor Walikota Jakarta Pusat,Jakarta Pusat,Kec. Gambir ,Kel. Petojo Selatan,"Jl. Tanah Abang I No. 1, RT.011/08",-6.172977,106.819,021 3855054,021 3447466
Kantor Camat Gambir,Jakarta Pusat,Kec. Gambir,Kel. Petojo Selatan,Jl. Tanah Abang I No. 10,-6.170712,106.818958,021 3457373,021 38901779
Kantor Lurah Cideng,Jakarta Pusat,Kec. Gambir,Kel. Cideng,Jl. Petojo Selatan XI No.19 RT.007 RW.011 ,-6.167929,106.809339,021 63861716,021 63861716
Kantor Lurah Petojo Utara,Jakarta Pusat,Kec. Gambir,Kel. Petojo Utara,Jl. Pembangunan II Taman RT.009 RW.02,-6.162427,106.817488,021 6343273,021 6343273
Kantor Lurah Kebon Kelapa,Jakarta Pusat,Kec. Gambir,Kel. Kebon Kelapa,Jl. Batu Tulis VII No.21,-6.164012,106.825448,021 213522401,021 213522401
Kantor Lurah Gambir,Jakarta Pusat,Kec. Gambir,Kel. Gambir,Jalan Budi Kemulyaan No. 12,-6.179973,106.819697,021 3505141,021 3505141
Kantor Lurah Petojo Selatan,Jakarta Pusat,Kec. Gambir,Kel. Petojo Selatan,Jalan Petojo Melintang No. 19,-6.171851,106.81685,021 3862032,021 3520886
Kantor Lurah Duri Pulo,Jakarta Pusat,Kec. Gambir,Kel. Duri Pulo,Jl. Petojo Barat V No.12 RT.012/01,-6.163854,106.809278,021 6342880,021 6342880
Kantor Camat Sawah Besar,Jakarta Pusat,Kec. Sawah Besar,Kel. Karang Anyar,Jl. Karang Anyar Raya No. 12,-6.155388,106.827519,021 3853518,021 6280659
Kantor Lurah Mangga Dua Selatan,Jakarta Pusat,Kec. Sawah Besar,Kel. Mangga Dua Selatan,Jl. Mangga Dua Dalam 1,-6.137915,106.827144,021 6293296,021 6293296
Kantor Lurah Karang Anyar,Jakarta Pusat,Kec. Sawah Besar,Kel. Karang Anyar,Jl. B Raya No. l RT.007/05,-6.155777,106.828691,021 6291252,021 62310699
Kantor Lurah Pasar Baru,Jakarta Pusat,Kec. Sawah Besar,Kel. Pasar Baru,Jl. Krekot Jaya I No. 4 C,-6.161219,106.829782,021 3459460,021 3459460
Kantor Lurah Gunung Sahari Utara,Jakarta Pusat,Kec. Sawah Besar,Kel. Gunung Sahari Utara,Jl. Gunung Sahari VII A No. 30,-6.153018,106.838682,021 6268786,021 62200474
Kantor Lurah Kartini,Jakarta Pusat,Kec. Sawah Besar,Kel. Kartini,Jalan Kartini VIII Dalam No. 18,-6.153121,106.831764,021 6292096,021 62201172
Kantor Camat Kemayoran,Jakarta Pusat,Kec. Kemayoran ,Kel. Serdang,Jl. Serdang III No. 1 RT 006/05,-6.156492,106.863806,021 4203642,021 4203642
Kantor Lurah Gunung Sahari Selatan,Jakarta Pusat,Kec. Kemayoran ,Kel. Gunung Sahari Selatan,Jl. Kran Raya No. 77 RT. 01 RW.06 ,-6.160784,106.845892,021 4244445,021 427460
Kantor Lurah Kebon Kosong,Jakarta Pusat,Kec. Kemayoran ,Kel. Kebon Kosong,Jl. Dakota II RT. 009/09,-6.153446,106.858347,021 4244825,021 4244825
Kantor Lurah Kemayoran,Jakarta Pusat,Kec. Kemayoran ,Kel. Kemayoran,Jalan Kepu Barat No. 5,-6.16781,106.843681,021 4214661,021 4214661
Kantor Lurah Serdang,Jakarta Pusat,Kec. Kemayoran ,Kel. Serdang,Jl. Bendungan Jago RT. 013 RW. 02,-6.157309,106.857179,021 4214664,021 4244247
Kantor Lurah Harapan Mulia,Jakarta Pusat,Kec. Kemayoran ,Kel. Harapan Mulia ,Jl. Cempaka Wangi II No.17 RT.011 RW.09 ,-6.167916,106.857563,021 4243768,021 4214774
Kantor Lurah Utan Panjang,Jakarta Pusat,Kec. Kemayoran ,Kel. Utan Panjang,Jalan D. Bendungan Jago No.49,-6.162565,106.855051,021 4208454,021 4214637
Kantor Lurah Cempaka Baru,Jakarta Pusat,Kec. Kemayoran ,Kel. Cempaka Baru,Jl. Cempaka Baru II RT. 008 RW. 06 ,-6.169854,106.859387,021 4244248,021 4214638
Kantor Lurah Sumur Batu,Jakarta Pusat,Kec. Kemayoran ,Kel. Sumur Batu,Jalan Howitzer Raya No.5A RT.010/06,-6.164499,106.871243,021 4214748,021 4213489
Kantor Camat Senen,Jakarta Pusat,Kec. Senen,Kel. Kwitang,Jl. Kramat Raya No.114 RT.002/09,-6.183552,106.843427,021 31923394,021 31923394
Kantor Lurah Senen,Jakarta Pusat,Kec. Senen,Kel. Senen ,Jalan Pasar Senen Dalam VI RT.016 RW.04,-6.172479,106.842495,021 42873302,021 42873302
Kantor Lurah Kwitang,Jakarta Pusat,Kec. Senen,Kel. Kwitang,Jl. Kramat IV Ujung No.1 RT.013 RW.06,-6.186738,106.840922,021 3928970,021 3916510
Kantor Lurah Kenari,Jakarta Pusat,Kec. Senen,Kel. Kenari,Jl. Jambrut No. 12,-6.190854,106.846029,021 3913686,021 39123394
Kantor Lurah Paseban,Jakarta Pusat,Kec. Senen,Kel. Paseban,Jl. Paseban Raya No. 71 F-G ,-6.191608,106.853934,021 3905331,021 3905331
Kantor Lurah Bungur,Jakarta Pusat,Kec. Senen,Kel. Bungur,Jl. Kp. Kepu Gg.V No.277 RT. 017/01,-6.168937,106.846254,021 42885235,021 42885235
Kantor Lurah  Kramat,Jakarta Pusat,Kec. Senen,Kel. Kramat  ,JL. Kramat Pulo Dalam II RT.001 RW.06,-6.185297,106.847601,021 3909708,021 3924428
Kantor Camat Cempaka Putih,Jakarta Pusat,Kec. Cempaka Putih,Kel. Cempaka Putih Timur,Jl. Komplek Perkantoran Rawa Kerbau No. 3,-6.184681,106.873222,021 4211583,021 4211583
Kantor Lurah Cempaka Putih Barat,Jakarta Pusat,Kec. Cempaka Putih,Kel. Cempaka Putih Barat,Jl. Cempaka Putih Barat XIX,-6.182591,106.865529,021 4209400,021 4209400
Kantor Lurah Cempaka Putih Timur,Jakarta Pusat,Kec. Cempaka Putih,Kel. Cempaka Putih Timur,Jalan Cempaka Putih Tengah XIII,-6.173749,106.870486,021 4241386,021 4241386
Kantor Lurah Rawasari,Jakarta Pusat,Kec. Cempaka Putih,Kel. Rawasari,Jl. Pramuka Sari 1 No. 1,-6.19033,106.87086,021 4241656,021 42888698
Kantor Camat Menteng,Jakarta Pusat,Kec. Menteng,Kel. Menteng,Jl. Pegangsaan Barat No. 14,-6.199424,106.841338,021 3101738,021 3101738
Kantor Lurah Kebon Sirih,Jakarta Pusat,Kec. Menteng,Kel. Kebon Sirih,Jl. Jaksa No. 8 RT.013 RW. 02,-6.184158,106.829419,021 3908181,021 3908181
Kantor Lurah Gondangdia,Jakarta Pusat,Kec. Menteng,Kel. Gondangdia,Jl. Jambu No. 2 A RT.005/002,-6.190339,106.834598,021 3106333,021 31931936
Kantor Lurah Menteng,Jakarta Pusat,Kec. Menteng,Kel. Menteng,Jl. Anyer Raya No.9A,-6.203824,106.844943,021 3141626,021 3141626
Kantor Lurah Pegangsaan,Jakarta Pusat,Kec. Menteng,Kel. Pegangsaan  ,Jl. Taman Amir Hamzah No.1,-6.204021,106.850397,021 3159508,021 3904656
Kantor Lurah Cikini,Jakarta Pusat,Kec. Menteng,Kel. Cikini,Jl. Cikini VIII No. 7,-6.188992,106.839372,021 31923530,021 31923530
Kantor Camat Tanah Abang,Jakarta Pusat,Kec. Tanah Abang,Kel. Kebon Melati,Jl.K.H. Mas Mansyur No.130 ,-6.199643,106.814722,021 3106105,021 3106105
Kantor Lurah Kampung Bali,Jakarta Pusat,Kec. Tanah Abang,Kel. Kampung Bali,Jl. Kampung Bali V No. 8 RT.004/08,-6.184303,106.817861,021 3927391,021 3927391
Kantor Lurah Kebon Kacang,Jakarta Pusat,Kec. Tanah Abang,Kel. Kebon Kacang,Jalan K.H. Mas Mansyur No. 30,-6.190918,106.814796,021 31905701,021 3903328
Kantor Lurah Kebon Melati,Jakarta Pusat,Kec. Tanah Abang,Kel. Kebon Melati,Jl. Lontar Raya No. 3 RT.01 RW.14 ,-6.191275,106.812685,021 3144657,021 3144657
Kantor Lurah Karet Tengsin,Jakarta Pusat,Kec. Tanah Abang,Kel. Karet Tengsin,Jl. Karet Pasar Baru Barat VII,-6.212139,106.815364,021 5703057,021 5703057
Kantor Lurah Bendungan Hilir,Jakarta Pusat,Kec. Tanah Abang,Kel. Bendungan Hilir,Jl. Penjernihan 1 No. 29 B RT.010/06 ,-6.20224,106.806677,021 5711866,021 572 7814
Kantor Lurah Petamburan,Jakarta Pusat,Kec. Tanah Abang,Kel. Petamburan,Jalan Petamburan II No. 50,-6.193051,106.807929,021 53679869,021 53679869
Kantor Lurah Gelora,Jakarta Pusat,Kec. Tanah Abang,Kel. Gelora,Jl. Gerbang Pemuda No. 1,-6.213956,106.798202,021 5732465,021 5747986
Kantor Camat Johar Baru,Jakarta Pusat,Kec. Johar Baru,Kel. Johar Baru,Jl.Johar Baru Utara V No.1 ,-6.178947,106.856909,021 214211592,021 214211592
Kantor Lurah Johar Baru,Jakarta Pusat,Kec. Johar Baru,Kel. Johar Baru,Jl. Johar Baru Utara II RT.003/03,-6.183287,106.856429,021 4244245,021 4229333
Kantor Lurah Galur,Jakarta Pusat,Kec. Johar Baru,Kel. Galur,Jl. Galur Jaya No.36 RT.001/04,-6.176375,106.856039,021 42885048,021 4228555
Kantor Lurah Tanah Tinggi,Jakarta Pusat,Kec. Johar Baru,Kel. Tanah Tinggi,Jl.Kramat Pulo Gundul No.123 RT.006 RW.013,-6.183925,106.849222,021 4206200,021 4228666
Kantor Lurah Kampung Rawa,Jakarta Pusat,Kec. Johar Baru,Kel. Kampung Rawa,Jl. Rawa Selatan III No. 39 RT 004/05,-6.181025,106.858917,021 4206024,021 4228788
Kantor Walikota Jakarta Selatan,Jakarta Selatan,Kec. Kebayoran Baru,Kel. Petogogan,"Jalan Prapanca Raya No. 9, RT.01 / RW.01",-6.248021,106.807372,021 72786651,021 72786652
Kantor Camat Setiabudi,Jakarta Selatan,Kec. Setiabudi,Kel. Setiabudi,Jl. Setibudi Barat Nomor 8L RT. 003 RW.03 ,-6.208303,106.824064,021 525 0156,021 525 4109
Kantor Lurah Guntur,Jakarta Selatan,Kec. Setiabudi,Kel. Guntur,Jl. Tangkuban Perahu No. 2 Kel. Guntur,-6.207128,106.833992,021 8319684,021 8319684
Kantor Lurah Setiabudi,Jakarta Selatan,Kec. Setiabudi,Kel. Setiabudi,Jl. Setiabudi Barat No. 8 L,-6.208306,106.823895,021 5731814,021 5731814
Kantor Lurah Menteng Atas,Jakarta Selatan,Kec. Setiabudi,Kel. Menteng Atas,Jl. Menteng Pulo No. 1,-6.221831,106.83863,021 83784166,021 83784166
Kantor Lurah Karet Kuningan,Jakarta Selatan,Kec. Setiabudi,Kel. Karet Kuningan,Jl. Anggrek IV RT 006/02,-6.218649,106.824995,021 5273653,021 5273653
Kantor Lurah Pasar Manggis,Jakarta Selatan,Kec. Setiabudi,Kel. Pasar Manggis,Jl. Menteng Wadas Timur No.122,-6.209991,106.842042,021 8319683,021 8319683
Kantor Lurah Kuningan Timur,Jakarta Selatan,Kec. Setiabudi,Kel. Kuningan Timur,Jl. Mega Kuningan Barat III,-6.231713,106.825537,021 5253868,021 5253868
Kantor Lurah Karet,Jakarta Selatan,Kec. Setiabudi,Kel. Karet  ,Jl. Karet Karya I No. 1 RT 005/007,-6.210916,106.825974,021 5254628,021 5254628
Kantor Lurah Karet Semanggi,Jakarta Selatan,Kec. Setiabudi,Kel. Karet Semanggi,Jl K.H Guru Mughni No. 1,-6.225741,106.821197,021 5722241,021 5722241
Kantor Camat Tebet,Jakarta Selatan,Kec. Tebet,Kel. Tebet Barat,Jl. Prof. Dr. Soepomo No. 16,-6.231552,106.845882,021 8303260,021 8298971
Kantor Lurah Manggarai,Jakarta Selatan,Kec. Tebet,Kel. Manggarai  ,Jl. Lap. Menara Air II RT 007 RW 011,-6.217604,106.851555,021 8305006,021 8319677
Kantor Lurah Kebon Baru,Jakarta Selatan,Kec. Tebet,Kel. Kebon Baru,Jl. Asem Baris Raya No.101,-6.232367,106.859392,021 8294447,021 8319680
Kantor Lurah Menteng Dalam,Jakarta Selatan,Kec. Tebet,Kel. Menteng Dalam,Jl. Rasamala III No. 4A RT 03/013,-6.234671,106.836639,021 8292421,021 8319681
Kantor Lurah Tebet Barat,Jakarta Selatan,Kec. Tebet,Kel. Tebet Barat,Jl. Tebet Barat IV / 1,-6.233082,106.848548,021 8304060,021 8304060
Kantor Lurah Manggarai Selatan,Jakarta Selatan,Kec. Tebet,Kel. Manggarai Selatan,Jl. Rambutan No. IV/D RT 004 RW 07,-6.217682,106.847115,021 8303560,021 8303560
Kantor Lurah Tebet Timur,Jakarta Selatan,Kec. Tebet,Kel. Tebet Timur,Jl. Tebet Timur Dalam III M/15,-6.228593,106.858,021 8319682,021 83787297
Kantor Lurah Bukit Duri,Jakarta Selatan,Kec. Tebet,Kel. Bukit Duri,Jl. Kampung Melayu Kecil III No. 12 ,-6.224226,106.861295,021 8305311,021 8305311
Kantor Camat Pancoran,Jakarta Selatan,Kec. Pancoran,Kel. Pengadegan,Jl. Pengadegan Timur II/2,-6.248719,106.86007,021 7971186,021 7971186
Kantor Lurah Rawajati,Jakarta Selatan,Kec. Pancoran,Kel. Rawajati,Jl. Rawajati Barat Rt 006/04,-6.260247,106.852472,021 7996204,021 7902273
Kantor Lurah Pancoran,Jakarta Selatan,Kec. Pancoran,Kel. Pancoran,Jl. Pancoran Barat III No 55 RT. 02/06,-6.248645,106.840984,021 7994107,021 7994107
Kantor Lurah Cikoko,Jakarta Selatan,Kec. Pancoran,Kel. Cikoko,Jl. Cikoko Barat III No. 45 RT 005/05,-6.246327,106.852776,021 7989753,021 7902271
Kantor Lurah Duren Tiga,Jakarta Selatan,Kec. Pancoran,Kel. Duren Tiga,Jl. Minyak I RT 005 RW 06,-6.25416,106.836715,021 7992718,021 7402269
Kantor Lurah Pengadegan,Jakarta Selatan,Kec. Pancoran,Kel. Pengadegan,Jl. Pengadegan Timur I RT 002/01,-6.250877,106.861189,021 7970707,021 7970707
Kantor Lurah Kalibata,Jakarta Selatan,Kec. Pancoran,Kel. Kalibata,Jl. Kalibata Timur IV,-6.262333,106.847113,021 7995563,021 7995563
Kantor Camat Mampang Prapatan,Jakarta Selatan,Kec. Mampang Prapatan,Kel. Tegal Parang,"Jl. Mampang Prapatan XII, RT.3/RW.6",-6.251473,106.824602,021 79191442,021 79191442
Kantor Lurah Bangka,Jakarta Selatan,Kec. Mampang Prapatan,Kel. Bangka,Jl. Duren Bangka,-6.259325,106.825994,021 7990012,021 7901161
Kantor Lurah Mampang Prapatan,Jakarta Selatan,Kec. Mampang Prapatan,Kel. Mampang Prapatan,"Jl. Mampang Prapatan IV, Gg. M RT 008/05",-6.244954,106.828872,021 7991338,021 7983273
Kantor Lurah Pela Mampang,Jakarta Selatan,Kec. Mampang Prapatan,Kel. Pela Mampang,Jl. Bangka X Ujung,-6.252959,106.811305,021 7182380,021 7182380
Kantor Lurah Kuningan Barat,Jakarta Selatan,Kec. Mampang Prapatan,Kel. Kuningan Barat,Jl. Kuningan Barat I,-6.236647,106.820641,021 5256717,021 5256717
Kantor Lurah Tegal Parang,Jakarta Selatan,Kec. Mampang Prapatan,Kel. Tegal Parang,Jl. Tegal Parang Selatan V RT 008 RW 04,-6.249551,106.83353,021 7974974,021 7902278
Kantor Camat Kebayoran Lama,Jakarta Selatan,Kec. Kebayoran Lama,Kel. Keb. Lama Selatan,Jl. Ciputat Raya No. 1 Keb. Lama,-6.249492,106.778543,021 7208053,021 7251500
Kantor Lurah Keb. Lama Selatan,Jakarta Selatan,Kec. Kebayoran Lama,Kel. Keb. Lama Selatan,Jl. Bungur Raya No. 1,-6.246255,106.78318,021 7262732,021 7204043
Kantor Lurah Pondok Pinang,Jakarta Selatan,Kec. Kebayoran Lama,Kel. Pondok Pinang,Jl. Pondok Pinang VII No. 1,-6.269787,106.7759,021 7690914,021 75910560
Kantor Lurah Grogol Utara,Jakarta Selatan,Kec. Kebayoran Lama,Kel. Grogol Utara,Jl. Kemandoran I No. 99,-6.210919,106.789311,021 5480785,021 5480785
Kantor Lurah Keb. Lama Utara,Jakarta Selatan,Kec. Kebayoran Lama,Kel. Keb. Lama Utara,Jl. Ciputat Raya No. 1A,-6.241941,106.781189,021 7222816,021 7222816
Kantor Lurah Grogol Selatan,Jakarta Selatan,Kec. Kebayoran Lama,Kel. Grogol Selatan,Jl. Kubur Islam,-6.23038,106.783449,021 7210317,021 7251945
Kantor Lurah Cipulir,Jakarta Selatan,Kec. Kebayoran Lama,Kel. Cipulir,Jl. Samudera I No 1,-6.239276,106.776349,021 7222353,021 7222353
Kantor Camat Kebayoran Baru,Jakarta Selatan,Kec. Kebayoran Baru,Kel. Gunung,Jl. Kerinci IX Blok E/1 Kebayoran Baru,-6.240066,106.788669,021 7201314,021 7250460
Kantor Lurah Senayan,Jakarta Selatan,Kec. Kebayoran Baru,Kel. Senayan,Jl. Tulodong Bawah X No. 3,-6.228791,106.811256,021 5736501,021 5736501
Kantor Lurah Rawa Barat,Jakarta Selatan,Kec. Kebayoran Baru,Kel. Rawa Barat,Jl. Senayan No. 30 ,-6.238151,106.816269,021 7220409,021 7220409
Kantor Lurah Melawai,Jakarta Selatan,Kec. Kebayoran Baru,Kel. Melawai,Jl. Wijaya IX No. 14,-6.248446,106.802731,021 7246819,021 7246819
Kantor Lurah Cipete Utara,Jakarta Selatan,Kec. Kebayoran Baru,Kel. Cipete Utara,Jl. Sawo III No. 10 RT. 009/07 ,-6.262733,106.803077,021 7209824,021 7209824
Kantor Lurah Gandaria Utara,Jakarta Selatan,Kec. Kebayoran Baru,Kel. Gandaria Utara,Jl. Taman Radio Dalam VII,-6.257229,106.787984,021 7208566,021 7208566
Kantor Lurah Petogogan,Jakarta Selatan,Kec. Kebayoran Baru,Kel. Petogogan,Jl. Wijaya Timur Raya No. 1,-6.24418,106.813833,021 72790654,021 72790654
Kantor Lurah Gunung,Jakarta Selatan,Kec. Kebayoran Baru,Kel. Gunung,Jl. Bujana Dalam No. 7 RT 10 RW 01,-6.234648,106.788375,021 7234586,021 7234586
Kantor Lurah Pulo,Jakarta Selatan,Kec. Kebayoran Baru,Kel. Pulo ,Jl. Prapanca Raya No. 5,-6.250743,106.809864,021 7207449,021 7222109
Kantor Lurah Selong,Jakarta Selatan,Kec. Kebayoran Baru,Kel. Selong,Jl. Bakti Gg. Limo No. 1,-6.231998,106.814323,021 5260937,021 5260937
Kantor Lurah Kramat Pela,Jakarta Selatan,Kec. Kebayoran Baru,Kel. Kramat Pela ,Jl. Gandaria Tengah V No. 2,-6.244897,106.790612,021 7245537,021 7245537
Kantor Camat Pesanggrahan,Jakarta Selatan,Kec. Pesanggrahan,Kel. Pesanggrahan,Jl. Pesanggrahan Raya No. 2,-6.257046,106.756853,021 7360821,021 7360822
Kantor Lurah Pesanggrahan,Jakarta Selatan,Kec. Pesanggrahan,Kel. Pesanggrahan,Jl. Pesanggrahan Raya No. 1,-6.257105,106.757164,021 7363249,021 7363249
Kantor Lurah Bintaro,Jakarta Selatan,Kec. Pesanggrahan,Kel. Bintaro,Jl. RC. Veteran No. 1 RT 001/03,-6.273001,106.764721,021 7365089,021 7365089
Kantor Lurah Ulujami,Jakarta Selatan,Kec. Pesanggrahan,Kel. Ulujami,Jl. Ulujami Raya No. 1,-6.245426,106.762181,021 73691346,021 73691346
Kantor Lurah Petukangan Utara,Jakarta Selatan,Kec. Pesanggrahan,Kel. Petukangan Utara,Jl. Masjid Darul Falah No. 1 RT. 003/04,-6.227044,106.753007,021 7365348,021 7365348
Kantor Lurah Petukangan Selatan,Jakarta Selatan,Kec. Pesanggrahan,Kel. Petukangan Selatan,Jl. Damai PDK I No. 2,-6.249476,106.752904,021 7359777,021 7359777
Kantor Camat Cilandak,Jakarta Selatan,Kec. Cilandak,Kel. Cilandak Barat,Jl. KH. Muhasyim Raya No. 1,-6.291425,106.791,021 7507232,021 7507450
Kantor Lurah Cilandak Barat,Jakarta Selatan,Kec. Cilandak,Kel. Cilandak Barat,Jl. Terogong III,-6.282246,106.791863,021 7512656,021 7669517
Kantor Lurah Pondok Labu,Jakarta Selatan,Kec. Cilandak,Kel. Pondok Labu,Jl. Swakarya Bawah RT 002 RW 09 No. 1,-6.306322,106.798473,021 7690032,021 7690032
Kantor Lurah Lebak Bulus,Jakarta Selatan,Kec. Cilandak,Kel. Lebak Bulus,Jl. Manunggal Jaya RT. 008/04,-6.304672,106.784393,021 7513452,021 7698801
Kantor Lurah Gandaria Selatan,Jakarta Selatan,Kec. Cilandak,Kel. Gandaria Selatan,Jl. Mangga No. 24,-6.270589,106.793997,021 7691751,021 7691751
Kantor Lurah Cipete Selatan,Jakarta Selatan,Kec. Cilandak,Kel. Cipete Selatan,Jl. Palem No. 17A RT 014/03,-6.274084,106.798793,021 7692042,021 7692042
Kantor Camat Pasar Minggu,Jakarta Selatan,Kec. Pasar Minggu,Kel. Jatipadang,Jl. Raya Ragunan No. 16 Pasar Minggu,-6.28476,106.835412,021 7806296,021 7806296
Kantor Lurah Pejaten Timur,Jakarta Selatan,Kec. Pasar Minggu,Kel. Pejaten Timur,Jl. Swadaya I RT 006 RW 10,-6.294484,106.845311,021 7806188,021 7806188
Kantor Lurah Pasar Minggu,Jakarta Selatan,Kec. Pasar Minggu,Kel. Pasar Minggu,Jl. Raya Ragunan No. 16,-6.285706,106.840462,021 7805716,021 7805716
Kantor Lurah Jatipadang,Jakarta Selatan,Kec. Pasar Minggu,Kel. Jatipadang,Jl. Raya Ragunan RT 008/01,-6.286011,106.831808,021 7805715,021 78843230
Kantor Lurah Ragunan,Jakarta Selatan,Kec. Pasar Minggu,Kel. Ragunan,Jl. Saco No. 1,-6.305311,106.819474,021 7812816,021 7812816
Kantor Lurah Cilandak Timur,Jakarta Selatan,Kec. Pasar Minggu,Kel. Cilandak Timur,Jl. Bhakti No. 48 A,-6.307066,106.810591,021 7891556,021 7812282
Kantor Lurah Kebagusan ,Jakarta Selatan,Kec. Pasar Minggu,Kel. Kebagusan,Jl. Kebagusan Dalam IV RT 009/05 No. 1 ,-6.305348,106.819536,021 78833689,021 7806344
Kantor Lurah Pejaten Barat,Jakarta Selatan,Kec. Pasar Minggu,Kel. Pejaten Barat,Jl. Siaga Raya No. 1 RT 012 / 04,-6.269907,106.837677,021 7987689,021 7987689
Kantor Camat Jagakarsa,Jakarta Selatan,Kec. Jagakarsa,Kel. Jagakarsa,Jl. Sirsak No. 2 Jagakarsa,-6.334399,106.821343,021 7270912,021 7867686
Kantor Lurah Cipedak,Jakarta Selatan,Kec. Jagakarsa,Kel. Cipedak,Jl. Pinding No. 1 RT 001/01,-6.344783,106.802565,021 7271110,021 7271110
Kantor Lurah Lenteng Agung,Jakarta Selatan,Kec. Jagakarsa,Kel. Lenteng Agung,Jalan Agung Raya I RT. 009 RW. 02,-6.323819,106.837398,021 7873637,021 7873637
Kantor Lurah Tanjung Barat,Jakarta Selatan,Kec. Jagakarsa,Kel. Tanjung Barat,Jl. Rancho Indah RT 008/02,-6.309626,106.850572,021 7891975,021 7891975
Kantor Lurah Srengseng Sawah,Jakarta Selatan,Kec. Jagakarsa,Kel. Srengseng Sawah,Jl. Raya Srengseng Sawah No. 8,-6.345608,106.830956,021 78883584,021 78883584
Kantor Lurah Jagakarsa,Jakarta Selatan,Kec. Jagakarsa,Kel. Jagakarsa,Jl. Jagakarsa 2 No.1 RT.01 RW.07,-6.328401,106.822541,021 7270954,021 7270954
Kantor Lurah Ciganjur,Jakarta Selatan,Kec. Jagakarsa,Kel. Ciganjur,Jalan Anda No. 1B RT 007/03,-6.338143,106.810537,021 7866054,021 7873642
Kantor Walikota Jakarta Timur,Jakarta Timur,Kec. Cakung,Kel. Pulo Gebang,Jl. Sentra Timur Pulo Gebang ,-6.214097,106.944111,021 48702407,021 48702433 / 48702159
Kantor Camat Matraman,Jakarta Timur,Kec. Matraman,Kel. Utan Kayu Utara,Jl. Balai Rakyat Utan Kayu Utara ,-6.197469,106.869184,021 8513252,021 8513252
Kantor Lurah Palmeriam,Jakarta Timur,Kec. Matraman,Kel. Palmeriam,Jl. Kayu Manis I Lama,-6.206925,106.861568,021 8517166,021 8517166
Kantor Lurah Kayu Manis,Jakarta Timur,Kec. Matraman,Kel. Kayu Manis,Jl. Kayu Manis VIII No.36,-6.206877,106.863378,021 8516062,021 8516062
Kantor Lurah Pisangan Baru,Jakarta Timur,Kec. Matraman,Kel. Pisangan Baru,Jl. Pisangan Baru Utara RT. 007/014 ,-6.209251,106.871104,021 8505372,021 8516161
Kantor Lurah Utan Kayu Utara,Jakarta Timur,Kec. Matraman,Kel. Utan Kayu Utara,Jl. Kemuning No 42 ,-6.198169,106.865123,021 8505154,021 8516162
Kantor Lurah Kebon Manggis,Jakarta Timur,Kec. Matraman,Kel. Kebon Manggis,Jl. Kebon Manggis I,-6.205613,106.855637,021 8565567,021 8565567
Kantor Lurah Utan Kayu Selatan,Jakarta Timur,Kec. Matraman,Kel. Utan Kayu Selatan,Jl. Galur Sari Timur No.1 RT.015/01,-6.200648,106.868821,021 8516163,021 8516163
Kantor Camat Jatinegara,Jakarta Timur,Kec. Jatinegara,Kel. Cipinang Cempedak,Jl. D.I. Panjaitan Kav. 8 ,-6.228328,106.874508,021 85914535,021 85914535
Kantor Lurah Rawabunga,Jakarta Timur,Kec. Jatinegara,Kel. Rawabunga,Jl. Jatinegara Timur IV,-6.221778,106.869846,021 8192468,021 8516060
Kantor Lurah Cip. Cempedak,Jakarta Timur,Kec. Jatinegara,Kel. Cip. Cempedak,Jl. Panti Asuhan No. 32 RT. 013/01,-6.228245,106.874097,021 8516059,021 8516059
Kantor Lurah Cip. Besar Utara,Jakarta Timur,Kec. Jatinegara,Kel. Cip. Besar Utara,Jl. Swadaya No. 2 RT.006 RW.14,-6.217546,106.882302,021 8505212,021 8516057
Kantor Lurah Bidaracina,Jakarta Timur,Kec. Jatinegara,Kel. Bidaracina,Jl. Tanjung Lengkong No. 30,-6.239849,106.867441,021 8192371,021 8192371
Kantor Lurah Kampung Melayu,Jakarta Timur,Kec. Jatinegara,Kel. Kamp. Melayu,Jl. Kebon Pala I No.32 RT 003 RW 05,-6.214419,106.859681,021 8192534,021 8192534
Kantor Lurah Cipinang Muara,Jakarta Timur,Kec. Jatinegara,Kel. Cipinang Muara,Jl. Cipinang Muara Raya 1 RT.002 RW.03,-6.22689,106.886142,021 8191284,021 8516058
Kantor Lurah Balimester,Jakarta Timur,Kec. Jatinegara,Kel. Balimester,Jl Jatinegara Barat II No. 19 RT.12/RW.03,-6.220185,106.866838,021 8191162,021 8191162
Kantor Lurah Cip. Besar Selatan,Jakarta Timur,Kec. Jatinegara,Kel. Cip. Besar Selatan,Jalan Cipinang Jaya Gg. Ujung,-6.224268,106.883145,021 8191146,021 8191146
Kantor Camat Kramatjati,Jakarta Timur,Kec. Kramatjati,Kel. Kramatjati,Jalan Raya Bogor KM. 20,-6.284982,106.871612,021 8009165,021 8092783
Kantor Lurah Cawang,Jakarta Timur,Kec. Kramatjati,Kel. Cawang,Jl. Ja'ani Nasir No.7 RT.001/10 ,-6.250222,106.868379,021 8092643,021 8092643
Kantor Lurah Cililitan ,Jakarta Timur,Kec. Kramatjati,Kel. Cililitan,Jl. Mandala V Gg. Ali Sarbi II No.46,-6.260432,106.870062,021 8090825,021 8005605
Kantor Lurah Kramatjati,Jakarta Timur,Kec. Kramatjati,Kel. Kramatjati,Jl/ Kerja Bhakti No. 32 RT.02 RW.10 ,-6.277326,106.871881,021 8005607,021 8007033
Kantor Lurah Batu Ampar,Jakarta Timur,Kec. Kramatjati,Kel. Batu Ampar,Jl. Batu Ampar II RT.006 RW.03 Kel. Batu Ampar ,-6.282928,106.85893,021 8098060,021 8005609
Kantor Lurah Balekambang,Jakarta Timur,Kec. Kramatjati,Kel. Balekambang,Jl. Gardu/Kober RT. 009 RW.02,-6.281622,106.850218,021 8096875,021 8005584
Kantor Lurah Tengah ,Jakarta Timur,Kec. Kramatjati,Kel. Tengah,Jl. Masjid Al Bariyah No.40B RT.011/04,-6.290255,106.864792,021 8400647,021 8400647
Kantor Lurah Dukuh,Jakarta Timur,Kec. Kramatjati,Kel. Dukuh,Jl. Dukuh V RT.07/02,-6.292104,106.877223,021 8407689,021 8407689
Kantor Camat Cakung,Jakarta Timur,Kec. Cakung,Kel. Cakung Barat,Jalan Raya Bekasi Km. 23 RT.01 RW. 02,-6.182997,106.939931,021 46833775,021 46833775
Kantor Lurah Jatinegara,Jakarta Timur,Kec. Cakung,Kel. Jatinegara,Jl. Raya Bekasi Km.18,-6.197531,106.905384,021 4618711,021 4618711
Kantor Lurah Rawaterate,Jakarta Timur,Kec. Cakung,Kel. Rawaterate,Jl. DR.KRT.Radjiman Widyodinigrat No.9 RT.002 RW 04,-6.185854,106.922913,021 4602445,021 4602445
Kantor Lurah Penggilingan,Jakarta Timur,Kec. Cakung,Kel. Penggilingan,Jl. Komp. PIK Penggilingan,-6.202838,106.931094,021 4600927,021 4600927
Kantor Lurah Cakung Barat,Jakarta Timur,Kec. Cakung,Kel. Cakung Barat,Jl Tipar Cakung Pool PPD Depo C RT.002/07,-6.173563,106.93351,021 4601748,021 4618714
Kantor Lurah Cakung Timur,Jakarta Timur,Kec. Cakung,Kel. Cakung Timur,Jalan Irigasi Gempol No.1 RT.003 RW.01 ,-6.183502,106.957708,021 4600915,021 4600915
Kantor Lurah Ujung Menteng,Jakarta Timur,Kec. Cakung,Kel. Ujung Menteng,Jl. Raya Bekasi Km. 26,-6.187648,106.962236,021 4618710,021 4618710
Kantor Lurah Pulogebang,Jakarta Timur,Kec. Cakung,Kel. Pulogebang,Jl. Raya Pulogebang RT. 06 RW. 03,-6.216119,106.954549,021 48700917,021 48700917
Kantor Camat Pulogadung,Jakarta Timur,Kec. Pulogadung,Kel. Pulogadung,Jl Raya Bekasi KM. 18,-6.198503,106.904538,021 47881652,021 47881652
Kantor Lurah Pulogadung,Jakarta Timur,Kec. Pulogadung,Kel. Pulogadung,Jalan Kayu Putih IV RT.06 RW.05,-6.185902,106.893786,021 4715115,021 4715115
Kantor Lurah Pisangan Timur,Jakarta Timur,Kec. Pulogadung,Kel. Pisangan Timur,Jl. H. Mugeni II/ 2,-6.208508,106.877128,021 4754762,021 4754762
Kantor Lurah Cipinang ,Jakarta Timur,Kec. Pulogadung,Kel. Cipinang   ,Jl. Cipinang Empang I RT.004 /15 ,-6.208867,106.895363,021 4891817,021 4754869
Kantor Lurah Kayu Putih,Jakarta Timur,Kec. Pulogadung,Kel. Kayu Putih,Jl. Genteng No.2 RT.03 RW.01,-6.186078,106.887453,021 4894412,021 4754769
Kantor Lurah Jatinegara Kaum,Jakarta Timur,Kec. Pulogadung,Kel. Jatinegara Kaum,Jl. TB. Baddarudin No.1 RT.001/05,-6.209146,106.897742,021 4751119,021 4754764
Kantor Lurah Jati,Jakarta Timur,Kec. Pulogadung,Kel. Jati,Jl. Perhubungan Raya No. 4 RT.005/06,-6.199423,106.900225,021 4723536,021 47869719
Kantor Lurah Rawamangun,Jakarta Timur,Kec. Pulogadung,Kel. Rawamangun,Jl. Rawamangun Muka Barat No.3,-6.198972,106.880676,021 4722029,021 4754772
Kantor Camat Pasar Rebo,Jakarta Timur,Kec. Pasar Rebo ,Kel. Pekayon,Jl. Raya bogor KM. 27,-6.339764,106.869918,021 8710233,021 8711217
Kantor Lurah Gedong,Jakarta Timur,Kec. Pasar Rebo ,Kel. Gedong,Jalan H. Taiman No. 20 RT. 002 RW. 09 ,-6.301494,106.865852,021 8400035,021 8400035
Kantor Lurah Cijantung,Jakarta Timur,Kec. Pasar Rebo ,Kel. Cijantung,Jl. Raya Gongseng No. 88 RT.001 RW.10 ,-6.324733,106.861983,021 87714747,021 87714747
Kantor Lurah Baru ,Jakarta Timur,Kec. Pasar Rebo ,Kel. Baru,Jl. Puskesmas RT.008 RW.01,-6.323461,106.851069,021 8400336,021 8416450
Kantor Lurah Kalisari,Jakarta Timur,Kec. Pasar Rebo ,Kel. Kalisari,Jl. Kalisari Raya RT 011/02 ,-6.337281,106.855849,021 8710995,021 8727565
Kantor Lurah Pekayon,Jakarta Timur,Kec. Pasar Rebo ,Kel. Pekayon,Jl. Madrasah RT.003/09 ,-6.343079,106.861852,021 8719018,021 8727634
Kantor Camat Duren Sawit,Jakarta Timur,Kec. Duren Sawit,Kel. Duren Sawit,Jl. Swadaya VII No. 1 ,-6.233089,106.918125,021 8614108,021 8614110
Kantor Lurah Klender,Jakarta Timur,Kec. Duren Sawit,Kel. Klender,Jl. Bulak Timur 1 No.12,-6.216812,106.908209,021 8614773,021 8631962
Kantor Lurah Pondok Bambu,Jakarta Timur,Kec. Duren Sawit,Kel. Pondok Bambu,Jl.Pahlawan Revolusi No.147,-6.235402,106.895585,021 8615784,021 8631963
Kantor Lurah Duren Sawit,Jakarta Timur,Kec. Duren Sawit,Kel. Duren Sawit,Jl.Kelurahan Raya No.1,-6.23069,106.914643,021 8615183,021 8631959
Kantor Lurah Malaka Sari,Jakarta Timur,Kec. Duren Sawit,Kel. Malaka Sari,"Jl. Malaka Raya No.2, RT.3/RW.10",-6.227572,106.927933,021 8614774,021 8614774
Kantor Lurah Malaka Jaya,Jakarta Timur,Kec. Duren Sawit,Kel. Malaka Jaya,Jl Raya Teratai Putih No.1 RT.08/06,-6.222106,106.932476,021 8631964,021 8631964
Kantor Lurah Pondok Kopi ,Jakarta Timur,Kec. Duren Sawit,Kel. Pondok Kopi,Jl Arabika 3 Blok W.7 RT.009/06,-6.229299,106.944619,021 8614772,021 8631961
Kantor Lurah Pondok Kelapa,Jakarta Timur,Kec. Duren Sawit,Kel. Pondok Kelapa,Jl. H. Dogon Timur I No 32 RT.16 RW. 02,-6.240095,106.934856,021 8645513,021 8645513
Kantor Camat Makasar,Jakarta Timur,Kec. Makasar,Kel. Makasar,Jl. Lembur No.1 ,-6.279282,106.878423,021 8009613,021 8009605
Kantor Lurah Cipinang Melayu,Jakarta Timur,Kec. Makasar,Kel. Cipinang Melayu,Jl. Inspeksi Tarum Barat No. 1,-6.244576,106.898399,021 86608247,021 86608247
Kantor Lurah Halim PK,Jakarta Timur,Kec. Makasar,Kel. Halim PK,Jl. Squadron No. 1A,-6.267795,106.877706,021 8093744,021 8093744
Kantor Lurah Kebon Pala,Jakarta Timur,Kec. Makasar,Kel. Kebon Pala,Jl. Jengki Cipinang Asem No.11 RT.011/04 ,-6.25773,106.879204,021 8006059,021 8007677
Kantor Lurah Makasar,Jakarta Timur,Kec. Makasar,Kel. Makasar,Jalan Gelanggang Olahraga Remaja RT 011 RW 06 ,-6.280352,106.876475,021 8093440,021 8005638
Kantor Lurah Pinang Ranti,Jakarta Timur,Kec. Makasar,Kel. Pinang Ranti,Jl. SMA 48 RT.014 RW.01,-6.287579,106.881298,021 8001403,021 8001403
Kantor Camat Ciracas,Jakarta Timur,Kec. Ciracas,Kel. Ciracas,Jl. Penganten Ali No. 9,-6.320049,106.88333,021 8401308,021 8401308
Kantor Lurah Susukan ,Jakarta Timur,Kec. Ciracas,Kel. Susukan,Jl. H. Baping RT. 010 RW. 06,-6.312591,106.874923,021 8400134,021 8400134
Kantor Lurah Rambutan,Jakarta Timur,Kec. Ciracas,Kel. Rambutan,Jl.Gudang Air No.36 RT.014/02,-6.301937,106.872058,021 87790004,021 87790008
Kantor Lurah Kelapa Dua Wetan,Jakarta Timur,Kec. Ciracas,Kel. Kelapa Dua Wetan,JL. Raya PKP No. 1 RT. 001/08,-6.33942,106.882052,021 8705270,021 8705270
Kantor Lurah Ciracas,Jakarta Timur,Kec. Ciracas,Kel. Ciracas,Jl. Raya Ciracas RT. 07 RW. 03 ,-6.328096,106.877884,021 8710996,021 8710996
Kantor Lurah Cibubur,Jakarta Timur,Kec. Ciracas,Kel. Cibubur,Jl. Lap. Tembak RT.05 RW.02 No.1,-6.349904,106.876481,021 8710994,021 8710994
Kantor Camat Cipayung,Jakarta Timur,Kec. Cipayung,Kel. Cipayung,Jl. Bina Marga No. 2 RT.006/02,-6.32872,106.888513,021 8444659,021 8444636
Kantor Lurah Lubang Buaya,Jakarta Timur,Kec. Cipayung,Kel. Lubang Buaya,Jl. SPG 7 RT.006/09,-6.289406,106.904153,021 8411734,021 87780476
Kantor Lurah Bambu Apus,Jakarta Timur,Kec. Cipayung,Kel. Bambu Apus,Jl. Mini III RT. 012 RW. 03,-6.305784,106.906946,021 84978679,021 84978679
Kantor Lurah Setu,Jakarta Timur,Kec. Cipayung,Kel. Setu,Jl. Raya Setu RT.005/01,-6.309277,106.914854,021 8465328,021 84978580
Kantor Lurah Cipayung,Jakarta Timur,Kec. Cipayung,Kel. Cipayung,Jl. Bambu Hitam No. 108 RT.010 RW.04 ,-6.324648,106.899462,021 8451678,021 84303987
Kantor Lurah Cilangkap,Jakarta Timur,Kec. Cipayung,Kel. Cilangkap,Jl. Raya As-Syafiiyah RT. 003 RW. 03 ,-6.332411,106.903258,021 84596168,021 84596168
Kantor Lurah Munjul,Jakarta Timur,Kec. Cipayung,Kel. Munjul,Jalan Buni RT.001/04 ,-6.348482,106.893877,021 8451676,021 8451676
Kantor Lurah Pondok Ranggon,Jakarta Timur,Kec. Cipayung,Kel. Pondok Ranggon,Jl. Pondok Ranggon No.1 RT.001/04,-6.347936,106.914423,021 8444085,021 84592671
Kantor Lurah Ceger,Jakarta Timur,Kec. Cipayung,Kel. Ceger,Jl. SMPN 160 Ceger,-6.314432,106.889467,021 8444971,021 8444971
Kantor Bupati Kepulauan Seribu,Kepulauan Seribu,Kec. Kepulauan Seribu Utara,Kel. Pulau Panggang,Jalan Ikan Baracuda No.14 Pulau Pramuka,-5.746724,106.613155,021 6408452,021 6408452
Kantor Camat Kepulauan Seribu Utara,Kepulauan Seribu,Kec. Kepulauan Seribu Utara,Kel. Pulau Kelapa,Jl. Dermaga Perhubungan No. 1,-5.656511,106.573707,021 33274838,021 33274838
Kantor Lurah Pulau Harapan,Kepulauan Seribu,Kec. Kepulauan Seribu Utara,Kel. Pulau Harapan,Jalan Dermaga Utara Pulau Harapan RT.001/02,-5.6526,106.578022,021 70761391,
Kantor Lurah Pulau Kelapa,Kepulauan Seribu,Kec. Kepulauan Seribu Utara,Kel. Pulau Kelapa,Jalan Dermaga Dinas Perhubungan No.1,-5.656511,106.573707,021 33274838,021 33274838
Kantor Lurah Pulau Panggang,Kepulauan Seribu,Kec. Kepulauan Seribu Utara,Kel. Pulau Panggang,Jl. Makam Keramat Timur RT.007/03 ,-5.741208,106.603159,,
Kantor Camat Kepulauan Seribu Selatan,Kepulauan Seribu,Kec. Kepulauan Seribu Selatan,Kel. Pulau Tidung,Jl. Pulau Tidung Besar ,-5.796551,106.493151,021 5409026,
Kantor Lurah Pulau Tidung,Kepulauan Seribu,Kec. Kepulauan Seribu Selatan,Kel. Pulau Tidung,Jl. Pulau Tidung Besar,-5.795517,106.496204,021 70713892,021 5402268
Kantor Lurah Pulau Pari,Kepulauan Seribu,Kec. Kepulauan Seribu Selatan,Kel. Pulau Pari,Jl. Pulau Lancang Besar RT 003/03,-5.929255,106.585435,,
Kantor Lurah Pulau Untung Jawa,Kepulauan Seribu,Kec. Kepulauan Seribu Selatan,Kel. Pulau Untung Jawa,Jl. Bougenville,-5.978518,106.704003,021 68680771,021 70763093
