Provinsi,Tahun,Domisili,Tahap,Sekolah,Jurusan,Indikator,Nilai UN,Jumlah Nilai UN
Yogyakarta,2018,-,-,SMAN 1 Wonosari,IPA,Terendah,74.63,298.5
Yogyakarta,2018,-,-,SMAN 1 Wonosari,IPA,Tertinggi,93.63,374.5
Yogyakarta,2018,-,-,SMAN 1 Wonosari,IPA,Rata - Rata,87.38,349.5
Yogyakarta,2018,-,-,SMAN 1 Wonosari,IPS,Terendah,51.25,205.0
Yogyakarta,2018,-,-,SMAN 1 Wonosari,IPS,Tertinggi,92.75,371.0
Yogyakarta,2018,-,-,SMAN 1 Wonosari,IPS,Rata - Rata,77.56,310.23
Yogyakarta,2018,-,-,SMAN 1 Bantul,IPA,Terendah,61.13,244.5
Yogyakarta,2018,-,-,SMAN 1 Bantul,IPA,Tertinggi,96.63,386.5
Yogyakarta,2018,-,-,SMAN 1 Bantul,IPA,Rata - Rata,89.25,357.02
Yogyakarta,2018,-,-,SMAN 1 Bantul,IPS,Terendah,79.38,317.5
Yogyakarta,2018,-,-,SMAN 1 Bantul,IPS,Tertinggi,93.13,372.5
Yogyakarta,2018,-,-,SMAN 1 Bantul,IPS,Rata - Rata,84.31,337.25
Yogyakarta,2018,-,-,SMAN 2 Bantul,IPA,Terendah,78.38,313.5
Yogyakarta,2018,-,-,SMAN 2 Bantul,IPA,Tertinggi,94.63,378.5
Yogyakarta,2018,-,-,SMAN 2 Bantul,IPA,Rata - Rata,85.87,343.48
Yogyakarta,2018,-,-,SMAN 2 Bantul,IPS,Terendah,62.25,249.0
Yogyakarta,2018,-,-,SMAN 2 Bantul,IPS,Tertinggi,92.38,369.5
Yogyakarta,2018,-,-,SMAN 2 Bantul,IPS,Rata - Rata,81.16,324.64
Yogyakarta,2018,-,-,SMAN 1 Patuk,IPA,Terendah,61.0,244.0
Yogyakarta,2018,-,-,SMAN 1 Patuk,IPA,Tertinggi,86.88,347.5
Yogyakarta,2018,-,-,SMAN 1 Patuk,IPA,Rata - Rata,71.43,285.72
Yogyakarta,2018,-,-,SMAN 1 Patuk,IPS,Terendah,34.63,138.5
Yogyakarta,2018,-,-,SMAN 1 Patuk,IPS,Tertinggi,83.38,333.5
Yogyakarta,2018,-,-,SMAN 1 Patuk,IPS,Rata - Rata,54.74,218.98
Yogyakarta,2018,-,-,SMAN 2 Wates,IPA,Terendah,77.75,311.0
Yogyakarta,2018,-,-,SMAN 2 Wates,IPA,Tertinggi,92.13,368.5
Yogyakarta,2018,-,-,SMAN 2 Wates,IPA,Rata - Rata,84.34,337.36
Yogyakarta,2018,-,-,SMAN 2 Wates,IPS,Terendah,69.5,278.0
Yogyakarta,2018,-,-,SMAN 2 Wates,IPS,Tertinggi,88.38,353.5
Yogyakarta,2018,-,-,SMAN 2 Wates,IPS,Rata - Rata,73.91,295.63
Yogyakarta,2018,-,-,SMAN 1 Temon,IPA,Terendah,62.5,250.0
Yogyakarta,2018,-,-,SMAN 1 Temon,IPA,Tertinggi,88.75,355.0
Yogyakarta,2018,-,-,SMAN 1 Temon,IPA,Rata - Rata,75.13,300.53
Yogyakarta,2018,-,-,SMAN 1 Temon,IPS,Terendah,47.63,190.5
Yogyakarta,2018,-,-,SMAN 1 Temon,IPS,Tertinggi,80.13,320.5
Yogyakarta,2018,-,-,SMAN 1 Temon,IPS,Rata - Rata,60.63,242.51
Yogyakarta,2018,-,-,SMAN 1 Depok,IPA,Terendah,75.38,301.5
Yogyakarta,2018,-,-,SMAN 1 Depok,IPA,Tertinggi,92.88,371.5
Yogyakarta,2018,-,-,SMAN 1 Depok,IPA,Rata - Rata,86.27,345.08
Yogyakarta,2018,-,-,SMAN 1 Depok,IPS,Terendah,77.5,310.0
Yogyakarta,2018,-,-,SMAN 1 Depok,IPS,Tertinggi,87.25,349.0
Yogyakarta,2018,-,-,SMAN 1 Depok,IPS,Rata - Rata,80.47,321.9
Yogyakarta,2018,-,-,SMAN 1 Ngaglik,IPA,Terendah,55.63,222.5
Yogyakarta,2018,-,-,SMAN 1 Ngaglik,IPA,Tertinggi,82.25,329.0
Yogyakarta,2018,-,-,SMAN 1 Ngaglik,IPA,Rata - Rata,71.42,285.7
Yogyakarta,2018,-,-,SMAN 1 Ngaglik,IPS,Terendah,62.13,248.5
Yogyakarta,2018,-,-,SMAN 1 Ngaglik,IPS,Tertinggi,75.13,300.5
Yogyakarta,2018,-,-,SMAN 1 Ngaglik,IPS,Rata - Rata,67.17,268.67
Yogyakarta,2018,-,-,SMAN 1 Yogyakarta,IPA,Terendah,71.0,284.0
Yogyakarta,2018,-,-,SMAN 1 Yogyakarta,IPA,Tertinggi,98.88,395.5
Yogyakarta,2018,-,-,SMAN 1 Yogyakarta,IPA,Rata - Rata,92.15,368.6
Yogyakarta,2018,-,-,SMAN 1 Yogyakarta,IPS,Terendah,86.88,347.5
Yogyakarta,2018,-,-,SMAN 1 Yogyakarta,IPS,Tertinggi,95.25,381.0
Yogyakarta,2018,-,-,SMAN 1 Yogyakarta,IPS,Rata - Rata,89.16,356.63
Yogyakarta,2018,-,-,SMAN 2 Yogyakarta,IPA,Terendah,86.88,347.5
Yogyakarta,2018,-,-,SMAN 2 Yogyakarta,IPA,Tertinggi,95.5,382.0
Yogyakarta,2018,-,-,SMAN 2 Yogyakarta,IPA,Rata - Rata,89.59,358.38
Yogyakarta,2018,-,-,SMAN 2 Yogyakarta,IPS,Terendah,80.75,323.0
Yogyakarta,2018,-,-,SMAN 2 Yogyakarta,IPS,Tertinggi,94.13,376.5
Yogyakarta,2018,-,-,SMAN 2 Yogyakarta,IPS,Rata - Rata,86.72,346.89
Yogyakarta,2018,-,-,SMAN 3 Yogyakarta,IPA,Terendah,90.88,363.5
Yogyakarta,2018,-,-,SMAN 3 Yogyakarta,IPA,Tertinggi,99.88,399.5
Yogyakarta,2018,-,-,SMAN 3 Yogyakarta,IPA,Rata - Rata,94.4,377.59
Yogyakarta,2018,-,-,SMAN 3 Yogyakarta,IPS,Terendah,70.75,283.0
Yogyakarta,2018,-,-,SMAN 3 Yogyakarta,IPS,Tertinggi,96.5,386.0
Yogyakarta,2018,-,-,SMAN 3 Yogyakarta,IPS,Rata - Rata,91.28,365.1
Yogyakarta,2018,-,-,SMAN 4 Yogyakarta,IPA,Terendah,69.0,276.0
Yogyakarta,2018,-,-,SMAN 4 Yogyakarta,IPA,Tertinggi,92.63,370.5
Yogyakarta,2018,-,-,SMAN 4 Yogyakarta,IPA,Rata - Rata,83.34,333.35
Yogyakarta,2018,-,-,SMAN 4 Yogyakarta,IPS,Terendah,78.38,313.5
Yogyakarta,2018,-,-,SMAN 4 Yogyakarta,IPS,Tertinggi,91.5,366.0
Yogyakarta,2018,-,-,SMAN 4 Yogyakarta,IPS,Rata - Rata,81.18,324.72
Yogyakarta,2018,-,-,SMAN 5 Yogyakarta,IPA,Terendah,66.63,266.5
Yogyakarta,2018,-,-,SMAN 5 Yogyakarta,IPA,Tertinggi,94.13,376.5
Yogyakarta,2018,-,-,SMAN 5 Yogyakarta,IPA,Rata - Rata,87.81,351.22
Yogyakarta,2018,-,-,SMAN 5 Yogyakarta,IPS,Terendah,66.88,267.5
Yogyakarta,2018,-,-,SMAN 5 Yogyakarta,IPS,Tertinggi,93.13,372.5
Yogyakarta,2018,-,-,SMAN 5 Yogyakarta,IPS,Rata - Rata,85.33,341.33
Yogyakarta,2018,-,-,SMAN 6 Yogyakarta,IPA,Terendah,63.0,252.0
Yogyakarta,2018,-,-,SMAN 6 Yogyakarta,IPA,Tertinggi,95.88,383.5
Yogyakarta,2018,-,-,SMAN 6 Yogyakarta,IPA,Rata - Rata,88.08,352.31
Yogyakarta,2018,-,-,SMAN 6 Yogyakarta,IPS,Terendah,76.25,305.0
Yogyakarta,2018,-,-,SMAN 6 Yogyakarta,IPS,Tertinggi,92.25,369.0
Yogyakarta,2018,-,-,SMAN 6 Yogyakarta,IPS,Rata - Rata,86.2,344.8
Yogyakarta,2018,-,-,SMAN 7 Yogyakarta,IPA,Terendah,69.88,279.5
Yogyakarta,2018,-,-,SMAN 7 Yogyakarta,IPA,Tertinggi,94.25,377.0
Yogyakarta,2018,-,-,SMAN 7 Yogyakarta,IPA,Rata - Rata,86.03,344.13
Yogyakarta,2018,-,-,SMAN 7 Yogyakarta,IPS,Terendah,81.5,326.0
Yogyakarta,2018,-,-,SMAN 7 Yogyakarta,IPS,Tertinggi,90.38,361.5
Yogyakarta,2018,-,-,SMAN 7 Yogyakarta,IPS,Rata - Rata,83.4,333.59
Yogyakarta,2018,-,-,SMAN 8 Yogyakarta,IPA,Terendah,77.63,310.5
Yogyakarta,2018,-,-,SMAN 8 Yogyakarta,IPA,Tertinggi,95.88,383.5
Yogyakarta,2018,-,-,SMAN 8 Yogyakarta,IPA,Rata - Rata,90.83,363.34
Yogyakarta,2018,-,-,SMAN 8 Yogyakarta,IPS,Terendah,76.0,304.0
Yogyakarta,2018,-,-,SMAN 8 Yogyakarta,IPS,Tertinggi,94.25,377.0
Yogyakarta,2018,-,-,SMAN 8 Yogyakarta,IPS,Rata - Rata,88.8,355.2
Yogyakarta,2018,-,-,SMAN 9 Yogyakarta,IPA,Terendah,61.38,245.5
Yogyakarta,2018,-,-,SMAN 9 Yogyakarta,IPA,Tertinggi,94.5,378.0
Yogyakarta,2018,-,-,SMAN 9 Yogyakarta,IPA,Rata - Rata,87.31,349.25
Yogyakarta,2018,-,-,SMAN 9 Yogyakarta,IPS,Terendah,70.38,281.5
Yogyakarta,2018,-,-,SMAN 9 Yogyakarta,IPS,Tertinggi,91.63,366.5
Yogyakarta,2018,-,-,SMAN 9 Yogyakarta,IPS,Rata - Rata,84.38,337.53
Yogyakarta,2018,-,-,SMAN 10 Yogyakarta,IPA,Terendah,78.38,313.5
Yogyakarta,2018,-,-,SMAN 10 Yogyakarta,IPA,Tertinggi,89.5,358.0
Yogyakarta,2018,-,-,SMAN 10 Yogyakarta,IPA,Rata - Rata,81.04,324.17
Yogyakarta,2018,-,-,SMAN 10 Yogyakarta,IPS,Terendah,41.25,165.0
Yogyakarta,2018,-,-,SMAN 10 Yogyakarta,IPS,Tertinggi,85.5,342.0
Yogyakarta,2018,-,-,SMAN 10 Yogyakarta,IPS,Rata - Rata,78.08,312.31
Yogyakarta,2018,-,-,SMAN 11 Yogyakarta,IPA,Terendah,81.25,325.0
Yogyakarta,2018,-,-,SMAN 11 Yogyakarta,IPA,Tertinggi,92.75,371.0
Yogyakarta,2018,-,-,SMAN 11 Yogyakarta,IPA,Rata - Rata,83.95,335.82
Yogyakarta,2018,-,-,SMAN 11 Yogyakarta,IPS,Terendah,47.25,189.0
Yogyakarta,2018,-,-,SMAN 11 Yogyakarta,IPS,Tertinggi,89.5,358.0
Yogyakarta,2018,-,-,SMAN 11 Yogyakarta,IPS,Rata - Rata,80.22,320.9
Yogyakarta,2018,-,-,SMAN 1 Sewon,IPA,Terendah,62.5,250.0
Yogyakarta,2018,-,-,SMAN 1 Sewon,IPA,Tertinggi,92.38,369.5
Yogyakarta,2018,-,-,SMAN 1 Sewon,IPA,Rata - Rata,79.92,319.66
Yogyakarta,2018,-,-,SMAN 1 Sewon,IPS,Terendah,73.63,294.5
Yogyakarta,2018,-,-,SMAN 1 Sewon,IPS,Tertinggi,86.0,344.0
Yogyakarta,2018,-,-,SMAN 1 Sewon,IPS,Rata - Rata,77.31,309.24
Yogyakarta,2018,-,-,SMAN 1 Sedayu,IPA,Terendah,67.38,269.5
Yogyakarta,2018,-,-,SMAN 1 Sedayu,IPA,Tertinggi,90.13,360.5
Yogyakarta,2018,-,-,SMAN 1 Sedayu,IPA,Rata - Rata,75.44,301.75
Yogyakarta,2018,-,-,SMAN 1 Sedayu,IPS,Terendah,61.5,246.0
Yogyakarta,2018,-,-,SMAN 1 Sedayu,IPS,Tertinggi,86.75,347.0
Yogyakarta,2018,-,-,SMAN 1 Sedayu,IPS,Rata - Rata,66.69,266.75
Yogyakarta,2018,-,-,SMAN 1 Sedayu,Bahasa,Terendah,59.5,238.0
Yogyakarta,2018,-,-,SMAN 1 Sedayu,Bahasa,Tertinggi,78.5,314.0
Yogyakarta,2018,-,-,SMAN 1 Sedayu,Bahasa,Rata - Rata,63.33,253.31
Yogyakarta,2018,-,-,SMAN 1 Sanden,IPA,Terendah,86.25,345.0
Yogyakarta,2018,-,-,SMAN 1 Sanden,IPA,Tertinggi,93.5,374.0
Yogyakarta,2018,-,-,SMAN 1 Sanden,IPA,Rata - Rata,89.26,357.03
Yogyakarta,2018,-,-,SMAN 1 Sanden,IPS,Terendah,81.38,325.5
Yogyakarta,2018,-,-,SMAN 1 Sanden,IPS,Tertinggi,86.13,344.5
Yogyakarta,2018,-,-,SMAN 1 Sanden,IPS,Rata - Rata,83.94,335.75
Yogyakarta,2018,-,-,SMAN 1 Sanden,Bahasa,Terendah,67.75,271.0
Yogyakarta,2018,-,-,SMAN 1 Sanden,Bahasa,Tertinggi,84.25,337.0
Yogyakarta,2018,-,-,SMAN 1 Sanden,Bahasa,Rata - Rata,73.78,295.13
Yogyakarta,2018,-,-,SMAN 1 Pundong,IPA,Terendah,78.63,314.5
Yogyakarta,2018,-,-,SMAN 1 Pundong,IPA,Tertinggi,91.13,364.5
Yogyakarta,2018,-,-,SMAN 1 Pundong,IPA,Rata - Rata,82.92,331.69
Yogyakarta,2018,-,-,SMAN 1 Pundong,IPS,Terendah,68.5,274.0
Yogyakarta,2018,-,-,SMAN 1 Pundong,IPS,Tertinggi,85.88,343.5
Yogyakarta,2018,-,-,SMAN 1 Pundong,IPS,Rata - Rata,73.79,295.17
Yogyakarta,2018,-,-,SMAN 1 Pleret,IPA,Terendah,63.5,254.0
Yogyakarta,2018,-,-,SMAN 1 Pleret,IPA,Tertinggi,82.38,329.5
Yogyakarta,2018,-,-,SMAN 1 Pleret,IPA,Rata - Rata,69.34,277.38
Yogyakarta,2018,-,-,SMAN 1 Pleret,IPS,Terendah,64.88,259.5
Yogyakarta,2018,-,-,SMAN 1 Pleret,IPS,Tertinggi,76.25,305.0
Yogyakarta,2018,-,-,SMAN 1 Pleret,IPS,Rata - Rata,67.84,271.35
Yogyakarta,2018,-,-,SMAN 1 Piyungan,IPA,Terendah,62.25,249.0
Yogyakarta,2018,-,-,SMAN 1 Piyungan,IPA,Tertinggi,81.5,326.0
Yogyakarta,2018,-,-,SMAN 1 Piyungan,IPA,Rata - Rata,68.24,272.96
Yogyakarta,2018,-,-,SMAN 1 Piyungan,IPS,Terendah,60.38,241.5
Yogyakarta,2018,-,-,SMAN 1 Piyungan,IPS,Tertinggi,74.63,298.5
Yogyakarta,2018,-,-,SMAN 1 Piyungan,IPS,Rata - Rata,64.97,259.87
Yogyakarta,2018,-,-,SMAN 1 Pajangan,IPA,Terendah,60.0,240.0
Yogyakarta,2018,-,-,SMAN 1 Pajangan,IPA,Tertinggi,81.63,326.5
Yogyakarta,2018,-,-,SMAN 1 Pajangan,IPA,Rata - Rata,67.25,268.99
Yogyakarta,2018,-,-,SMAN 1 Pajangan,IPS,Terendah,56.5,226.0
Yogyakarta,2018,-,-,SMAN 1 Pajangan,IPS,Tertinggi,76.5,306.0
Yogyakarta,2018,-,-,SMAN 1 Pajangan,IPS,Rata - Rata,61.48,245.9
Yogyakarta,2018,-,-,SMAN 1 Kretek,IPA,Terendah,54.0,216.0
Yogyakarta,2018,-,-,SMAN 1 Kretek,IPA,Tertinggi,74.25,297.0
Yogyakarta,2018,-,-,SMAN 1 Kretek,IPA,Rata - Rata,64.61,258.45
Yogyakarta,2018,-,-,SMAN 1 Kretek,IPS,Terendah,53.13,212.5
Yogyakarta,2018,-,-,SMAN 1 Kretek,IPS,Tertinggi,68.25,273.0
Yogyakarta,2018,-,-,SMAN 1 Kretek,IPS,Rata - Rata,59.48,237.94
Yogyakarta,2018,-,-,SMAN 1 Srandakan,IPA,Terendah,56.38,225.5
Yogyakarta,2018,-,-,SMAN 1 Srandakan,IPA,Tertinggi,85.75,343.0
Yogyakarta,2018,-,-,SMAN 1 Srandakan,IPA,Rata - Rata,75.22,300.88
Yogyakarta,2018,-,-,SMAN 1 Srandakan,IPS,Terendah,56.13,224.5
Yogyakarta,2018,-,-,SMAN 1 Srandakan,IPS,Tertinggi,77.38,309.5
Yogyakarta,2018,-,-,SMAN 1 Srandakan,IPS,Rata - Rata,61.91,247.64
Yogyakarta,2018,-,-,SMAN 2 Banguntapan,IPA,Terendah,67.63,270.5
Yogyakarta,2018,-,-,SMAN 2 Banguntapan,IPA,Tertinggi,88.13,352.5
Yogyakarta,2018,-,-,SMAN 2 Banguntapan,IPA,Rata - Rata,77.56,310.25
Yogyakarta,2018,-,-,SMAN 2 Banguntapan,IPS,Terendah,70.75,283.0
Yogyakarta,2018,-,-,SMAN 2 Banguntapan,IPS,Tertinggi,81.5,326.0
Yogyakarta,2018,-,-,SMAN 2 Banguntapan,IPS,Rata - Rata,72.82,291.29
Yogyakarta,2018,-,-,SMAN 1 Dlingo,IPA,Terendah,43.88,175.5
Yogyakarta,2018,-,-,SMAN 1 Dlingo,IPA,Tertinggi,85.0,340.0
Yogyakarta,2018,-,-,SMAN 1 Dlingo,IPA,Rata - Rata,62.6,250.42
Yogyakarta,2018,-,-,SMAN 1 Dlingo,IPS,Terendah,32.25,129.0
Yogyakarta,2018,-,-,SMAN 1 Dlingo,IPS,Tertinggi,69.0,276.0
Yogyakarta,2018,-,-,SMAN 1 Dlingo,IPS,Rata - Rata,49.87,199.46
Yogyakarta,2018,-,-,SMAN 3 Bantul,IPA,Terendah,68.5,274.0
Yogyakarta,2018,-,-,SMAN 3 Bantul,IPA,Tertinggi,83.63,334.5
Yogyakarta,2018,-,-,SMAN 3 Bantul,IPA,Rata - Rata,76.3,305.19
Yogyakarta,2018,-,-,SMAN 3 Bantul,IPS,Terendah,65.88,263.5
Yogyakarta,2018,-,-,SMAN 3 Bantul,IPS,Tertinggi,79.13,316.5
Yogyakarta,2018,-,-,SMAN 3 Bantul,IPS,Rata - Rata,70.3,281.21
Yogyakarta,2018,-,-,SMAN 1 Kasihan,IPA,Terendah,75.88,303.5
Yogyakarta,2018,-,-,SMAN 1 Kasihan,IPA,Tertinggi,90.25,361.0
Yogyakarta,2018,-,-,SMAN 1 Kasihan,IPA,Rata - Rata,80.8,323.2
Yogyakarta,2018,-,-,SMAN 1 Kasihan,IPS,Terendah,56.38,225.5
Yogyakarta,2018,-,-,SMAN 1 Kasihan,IPS,Tertinggi,85.38,341.5
Yogyakarta,2018,-,-,SMAN 1 Kasihan,IPS,Rata - Rata,77.5,310.0
Yogyakarta,2018,-,-,SMAN 1 Jetis,IPA,Terendah,61.5,246.0
Yogyakarta,2018,-,-,SMAN 1 Jetis,IPA,Tertinggi,91.13,364.5
Yogyakarta,2018,-,-,SMAN 1 Jetis,IPA,Rata - Rata,78.76,315.05
Yogyakarta,2018,-,-,SMAN 1 Jetis,IPS,Terendah,68.13,272.5
Yogyakarta,2018,-,-,SMAN 1 Jetis,IPS,Tertinggi,91.0,364.0
Yogyakarta,2018,-,-,SMAN 1 Jetis,IPS,Rata - Rata,73.54,294.17
Yogyakarta,2018,-,-,SMAN 1 Imogiri,IPA,Terendah,58.13,232.5
Yogyakarta,2018,-,-,SMAN 1 Imogiri,IPA,Tertinggi,87.88,351.5
Yogyakarta,2018,-,-,SMAN 1 Imogiri,IPA,Rata - Rata,69.36,277.42
Yogyakarta,2018,-,-,SMAN 1 Imogiri,IPS,Terendah,59.5,238.0
Yogyakarta,2018,-,-,SMAN 1 Imogiri,IPS,Tertinggi,80.38,321.5
Yogyakarta,2018,-,-,SMAN 1 Imogiri,IPS,Rata - Rata,63.41,253.62
Yogyakarta,2018,-,-,SMAN 1 Banguntapan,IPA,Terendah,76.63,306.5
Yogyakarta,2018,-,-,SMAN 1 Banguntapan,IPA,Tertinggi,92.88,371.5
Yogyakarta,2018,-,-,SMAN 1 Banguntapan,IPA,Rata - Rata,84.0,335.99
Yogyakarta,2018,-,-,SMAN 1 Banguntapan,IPS,Terendah,75.63,302.5
Yogyakarta,2018,-,-,SMAN 1 Banguntapan,IPS,Tertinggi,87.75,351.0
Yogyakarta,2018,-,-,SMAN 1 Banguntapan,IPS,Rata - Rata,78.79,315.15
Yogyakarta,2018,-,-,SMAN 1 Bambanglipuro,IPA,Terendah,73.13,292.5
Yogyakarta,2018,-,-,SMAN 1 Bambanglipuro,IPA,Tertinggi,90.0,360.0
Yogyakarta,2018,-,-,SMAN 1 Bambanglipuro,IPA,Rata - Rata,78.24,312.96
Yogyakarta,2018,-,-,SMAN 1 Bambanglipuro,IPS,Terendah,62.5,250.0
Yogyakarta,2018,-,-,SMAN 1 Bambanglipuro,IPS,Tertinggi,80.25,321.0
Yogyakarta,2018,-,-,SMAN 1 Bambanglipuro,IPS,Rata - Rata,67.33,269.33
Yogyakarta,2018,-,-,SMAN 1 Wates,IPA,Terendah,77.25,309.0
Yogyakarta,2018,-,-,SMAN 1 Wates,IPA,Tertinggi,95.13,380.5
Yogyakarta,2018,-,-,SMAN 1 Wates,IPA,Rata - Rata,85.63,342.51
Yogyakarta,2018,-,-,SMAN 1 Wates,IPS,Terendah,70.75,283.0
Yogyakarta,2018,-,-,SMAN 1 Wates,IPS,Tertinggi,89.25,357.0
Yogyakarta,2018,-,-,SMAN 1 Wates,IPS,Rata - Rata,77.94,311.75
Yogyakarta,2018,-,-,SMAN 1 Sentolo,IPA,Terendah,49.88,199.5
Yogyakarta,2018,-,-,SMAN 1 Sentolo,IPA,Tertinggi,90.38,361.5
Yogyakarta,2018,-,-,SMAN 1 Sentolo,IPA,Rata - Rata,73.84,295.38
Yogyakarta,2018,-,-,SMAN 1 Sentolo,IPS,Terendah,46.13,184.5
Yogyakarta,2018,-,-,SMAN 1 Sentolo,IPS,Tertinggi,81.25,325.0
Yogyakarta,2018,-,-,SMAN 1 Sentolo,IPS,Rata - Rata,58.98,235.94
Yogyakarta,2018,-,-,SMAN 1 Galur,IPA,Terendah,58.5,234.0
Yogyakarta,2018,-,-,SMAN 1 Galur,IPA,Tertinggi,90.25,361.0
Yogyakarta,2018,-,-,SMAN 1 Galur,IPA,Rata - Rata,66.09,264.35
Yogyakarta,2018,-,-,SMAN 1 Galur,IPS,Terendah,51.13,204.5
Yogyakarta,2018,-,-,SMAN 1 Galur,IPS,Tertinggi,68.13,272.5
Yogyakarta,2018,-,-,SMAN 1 Galur,IPS,Rata - Rata,57.14,228.56
Yogyakarta,2018,-,-,SMAN 1 Girimulyo,IPA,Terendah,48.13,192.5
Yogyakarta,2018,-,-,SMAN 1 Girimulyo,IPA,Tertinggi,86.25,345.0
Yogyakarta,2018,-,-,SMAN 1 Girimulyo,IPA,Rata - Rata,57.2,228.81
Yogyakarta,2018,-,-,SMAN 1 Girimulyo,IPS,Terendah,35.5,142.0
Yogyakarta,2018,-,-,SMAN 1 Girimulyo,IPS,Tertinggi,69.38,277.5
Yogyakarta,2018,-,-,SMAN 1 Girimulyo,IPS,Rata - Rata,51.38,205.52
Yogyakarta,2018,-,-,SMAN 1 Kalibawang,IPA,Terendah,51.38,205.5
Yogyakarta,2018,-,-,SMAN 1 Kalibawang,IPA,Tertinggi,84.88,339.5
Yogyakarta,2018,-,-,SMAN 1 Kalibawang,IPA,Rata - Rata,65.73,262.93
Yogyakarta,2018,-,-,SMAN 1 Kalibawang,IPS,Terendah,35.25,141.0
Yogyakarta,2018,-,-,SMAN 1 Kalibawang,IPS,Tertinggi,65.38,261.5
Yogyakarta,2018,-,-,SMAN 1 Kalibawang,IPS,Rata - Rata,47.92,191.69
Yogyakarta,2018,-,-,SMAN 1 Kokap,IPA,Terendah,33.0,132.0
Yogyakarta,2018,-,-,SMAN 1 Kokap,IPA,Tertinggi,81.13,324.5
Yogyakarta,2018,-,-,SMAN 1 Kokap,IPA,Rata - Rata,62.53,250.14
Yogyakarta,2018,-,-,SMAN 1 Kokap,IPS,Terendah,32.13,128.5
Yogyakarta,2018,-,-,SMAN 1 Kokap,IPS,Tertinggi,74.88,299.5
Yogyakarta,2018,-,-,SMAN 1 Kokap,IPS,Rata - Rata,52.48,209.91
Yogyakarta,2018,-,-,SMAN 1 Lendah,IPA,Terendah,68.25,273.0
Yogyakarta,2018,-,-,SMAN 1 Lendah,IPA,Tertinggi,87.5,350.0
Yogyakarta,2018,-,-,SMAN 1 Lendah,IPA,Rata - Rata,75.57,302.28
Yogyakarta,2018,-,-,SMAN 1 Lendah,IPS,Terendah,61.0,244.0
Yogyakarta,2018,-,-,SMAN 1 Lendah,IPS,Tertinggi,79.25,317.0
Yogyakarta,2018,-,-,SMAN 1 Lendah,IPS,Rata - Rata,65.22,260.87
Yogyakarta,2018,-,-,SMAN 1 Pengasih,IPA,Terendah,65.0,260.0
Yogyakarta,2018,-,-,SMAN 1 Pengasih,IPA,Tertinggi,90.38,361.5
Yogyakarta,2018,-,-,SMAN 1 Pengasih,IPA,Rata - Rata,73.92,295.67
Yogyakarta,2018,-,-,SMAN 1 Pengasih,IPS,Terendah,58.38,233.5
Yogyakarta,2018,-,-,SMAN 1 Pengasih,IPS,Tertinggi,86.63,346.5
Yogyakarta,2018,-,-,SMAN 1 Pengasih,IPS,Rata - Rata,68.82,275.27
Yogyakarta,2018,-,-,SMAN 1 Samigaluh,IPA,Terendah,36.5,146.0
Yogyakarta,2018,-,-,SMAN 1 Samigaluh,IPA,Tertinggi,90.5,362.0
Yogyakarta,2018,-,-,SMAN 1 Samigaluh,IPA,Rata - Rata,53.99,215.97
Yogyakarta,2018,-,-,SMAN 1 Samigaluh,IPS,Terendah,36.75,147.0
Yogyakarta,2018,-,-,SMAN 1 Samigaluh,IPS,Tertinggi,81.63,326.5
Yogyakarta,2018,-,-,SMAN 1 Samigaluh,IPS,Rata - Rata,50.76,203.05
Yogyakarta,2018,-,-,SMAN 1 Semin,IPA,Terendah,64.63,258.5
Yogyakarta,2018,-,-,SMAN 1 Semin,IPA,Tertinggi,90.25,361.0
Yogyakarta,2018,-,-,SMAN 1 Semin,IPA,Rata - Rata,74.69,298.76
Yogyakarta,2018,-,-,SMAN 1 Semin,IPS,Terendah,57.38,229.5
Yogyakarta,2018,-,-,SMAN 1 Semin,IPS,Tertinggi,82.63,330.5
Yogyakarta,2018,-,-,SMAN 1 Semin,IPS,Rata - Rata,63.05,252.22
Yogyakarta,2018,-,-,SMAN 1 Semanu,IPA,Terendah,38.75,155.0
Yogyakarta,2018,-,-,SMAN 1 Semanu,IPA,Tertinggi,75.88,303.5
Yogyakarta,2018,-,-,SMAN 1 Semanu,IPA,Rata - Rata,56.03,224.11
Yogyakarta,2018,-,-,SMAN 1 Semanu,IPS,Terendah,42.75,171.0
Yogyakarta,2018,-,-,SMAN 1 Semanu,IPS,Tertinggi,84.38,337.5
Yogyakarta,2018,-,-,SMAN 1 Semanu,IPS,Rata - Rata,53.88,215.51
Yogyakarta,2018,-,-,SMAN 1 Rongkop,IPA,Terendah,47.5,190.0
Yogyakarta,2018,-,-,SMAN 1 Rongkop,IPA,Tertinggi,85.25,341.0
Yogyakarta,2018,-,-,SMAN 1 Rongkop,IPA,Rata - Rata,67.33,269.33
Yogyakarta,2018,-,-,SMAN 1 Rongkop,IPS,Terendah,26.38,105.5
Yogyakarta,2018,-,-,SMAN 1 Rongkop,IPS,Tertinggi,69.38,277.5
Yogyakarta,2018,-,-,SMAN 1 Rongkop,IPS,Rata - Rata,49.03,196.12
Yogyakarta,2018,-,-,SMAN 1 Playen,IPA,Terendah,39.13,156.5
Yogyakarta,2018,-,-,SMAN 1 Playen,IPA,Tertinggi,88.88,355.5
Yogyakarta,2018,-,-,SMAN 1 Playen,IPA,Rata - Rata,67.19,268.78
Yogyakarta,2018,-,-,SMAN 1 Playen,IPS,Terendah,34.88,139.5
Yogyakarta,2018,-,-,SMAN 1 Playen,IPS,Tertinggi,80.25,321.0
Yogyakarta,2018,-,-,SMAN 1 Playen,IPS,Rata - Rata,51.23,204.93
Yogyakarta,2018,-,-,SMAN 1 Panggang,IPA,Terendah,45.5,182.0
Yogyakarta,2018,-,-,SMAN 1 Panggang,IPA,Tertinggi,85.75,343.0
Yogyakarta,2018,-,-,SMAN 1 Panggang,IPA,Rata - Rata,64.91,259.65
Yogyakarta,2018,-,-,SMAN 1 Panggang,IPS,Terendah,50.5,202.0
Yogyakarta,2018,-,-,SMAN 1 Panggang,IPS,Tertinggi,75.25,301.0
Yogyakarta,2018,-,-,SMAN 1 Panggang,IPS,Rata - Rata,58.71,234.83
Yogyakarta,2018,-,-,SMAN 1 Karangmojo,IPA,Terendah,69.5,278.0
Yogyakarta,2018,-,-,SMAN 1 Karangmojo,IPA,Tertinggi,90.13,360.5
Yogyakarta,2018,-,-,SMAN 1 Karangmojo,IPA,Rata - Rata,78.88,315.52
Yogyakarta,2018,-,-,SMAN 1 Karangmojo,IPS,Terendah,54.25,217.0
Yogyakarta,2018,-,-,SMAN 1 Karangmojo,IPS,Tertinggi,77.5,310.0
Yogyakarta,2018,-,-,SMAN 1 Karangmojo,IPS,Rata - Rata,63.88,255.51
Yogyakarta,2018,-,-,SMAN 2 Playen,IPA,Terendah,61.75,247.0
Yogyakarta,2018,-,-,SMAN 2 Playen,IPA,Tertinggi,93.88,375.5
Yogyakarta,2018,-,-,SMAN 2 Playen,IPA,Rata - Rata,75.75,303.02
Yogyakarta,2018,-,-,SMAN 2 Playen,IPS,Terendah,40.38,161.5
Yogyakarta,2018,-,-,SMAN 2 Playen,IPS,Tertinggi,88.0,352.0
Yogyakarta,2018,-,-,SMAN 2 Playen,IPS,Rata - Rata,59.8,239.18
Yogyakarta,2018,-,-,SMAN 2 Wonosari,IPA,Terendah,61.25,245.0
Yogyakarta,2018,-,-,SMAN 2 Wonosari,IPA,Tertinggi,92.0,368.0
Yogyakarta,2018,-,-,SMAN 2 Wonosari,IPA,Rata - Rata,80.07,320.27
Yogyakarta,2018,-,-,SMAN 2 Wonosari,IPS,Terendah,61.88,247.5
Yogyakarta,2018,-,-,SMAN 2 Wonosari,IPS,Tertinggi,89.5,358.0
Yogyakarta,2018,-,-,SMAN 2 Wonosari,IPS,Rata - Rata,70.76,283.03
Yogyakarta,2018,-,-,SMAN 2 Wonosari,Bahasa,Terendah,52.13,208.5
Yogyakarta,2018,-,-,SMAN 2 Wonosari,Bahasa,Tertinggi,89.88,359.5
Yogyakarta,2018,-,-,SMAN 2 Wonosari,Bahasa,Rata - Rata,66.47,265.9
Yogyakarta,2018,-,-,SMAN 1 Tanjungsari,IPA,Terendah,46.13,184.5
Yogyakarta,2018,-,-,SMAN 1 Tanjungsari,IPA,Tertinggi,80.75,323.0
Yogyakarta,2018,-,-,SMAN 1 Tanjungsari,IPA,Rata - Rata,60.49,241.95
Yogyakarta,2018,-,-,SMAN 1 Tanjungsari,IPS,Terendah,34.38,137.5
Yogyakarta,2018,-,-,SMAN 1 Tanjungsari,IPS,Tertinggi,66.0,264.0
Yogyakarta,2018,-,-,SMAN 1 Tanjungsari,IPS,Rata - Rata,49.55,198.18
Yogyakarta,2018,-,-,SMAN 1 Turi Kab. Sleman,IPA,Terendah,64.25,257.0
Yogyakarta,2018,-,-,SMAN 1 Turi Kab. Sleman,IPA,Tertinggi,88.25,353.0
Yogyakarta,2018,-,-,SMAN 1 Turi Kab. Sleman,IPA,Rata - Rata,71.03,284.11
Yogyakarta,2018,-,-,SMAN 1 Turi Kab. Sleman,IPS,Terendah,56.75,227.0
Yogyakarta,2018,-,-,SMAN 1 Turi Kab. Sleman,IPS,Tertinggi,76.38,305.5
Yogyakarta,2018,-,-,SMAN 1 Turi Kab. Sleman,IPS,Rata - Rata,62.91,251.65
Yogyakarta,2018,-,-,SMAN 1 Tempel Kab. Sleman,IPA,Terendah,45.25,181.0
Yogyakarta,2018,-,-,SMAN 1 Tempel Kab. Sleman,IPA,Tertinggi,82.0,328.0
Yogyakarta,2018,-,-,SMAN 1 Tempel Kab. Sleman,IPA,Rata - Rata,63.57,254.29
Yogyakarta,2018,-,-,SMAN 1 Tempel Kab. Sleman,IPS,Terendah,40.25,161.0
Yogyakarta,2018,-,-,SMAN 1 Tempel Kab. Sleman,IPS,Tertinggi,85.0,340.0
Yogyakarta,2018,-,-,SMAN 1 Tempel Kab. Sleman,IPS,Rata - Rata,58.23,232.92
Yogyakarta,2018,-,-,SMAN 1 Sleman Kab. Sleman,IPA,Terendah,85.88,343.5
Yogyakarta,2018,-,-,SMAN 1 Sleman Kab. Sleman,IPA,Tertinggi,95.0,380.0
Yogyakarta,2018,-,-,SMAN 1 Sleman Kab. Sleman,IPA,Rata - Rata,89.42,357.68
Yogyakarta,2018,-,-,SMAN 1 Sleman Kab. Sleman,IPS,Terendah,64.38,257.5
Yogyakarta,2018,-,-,SMAN 1 Sleman Kab. Sleman,IPS,Tertinggi,93.38,373.5
Yogyakarta,2018,-,-,SMAN 1 Sleman Kab. Sleman,IPS,Rata - Rata,83.78,335.14
Yogyakarta,2018,-,-,SMAN 1 Seyegan Kab. Sleman,IPA,Terendah,75.38,301.5
Yogyakarta,2018,-,-,SMAN 1 Seyegan Kab. Sleman,IPA,Tertinggi,91.13,364.5
Yogyakarta,2018,-,-,SMAN 1 Seyegan Kab. Sleman,IPA,Rata - Rata,80.33,321.31
Yogyakarta,2018,-,-,SMAN 1 Seyegan Kab. Sleman,IPS,Terendah,62.38,249.5
Yogyakarta,2018,-,-,SMAN 1 Seyegan Kab. Sleman,IPS,Tertinggi,86.25,345.0
Yogyakarta,2018,-,-,SMAN 1 Seyegan Kab. Sleman,IPS,Rata - Rata,73.75,294.98
Yogyakarta,2018,-,-,SMAN 1 Prambanan Kab. Sleman,IPA,Terendah,65.88,263.5
Yogyakarta,2018,-,-,SMAN 1 Prambanan Kab. Sleman,IPA,Tertinggi,89.75,359.0
Yogyakarta,2018,-,-,SMAN 1 Prambanan Kab. Sleman,IPA,Rata - Rata,80.64,322.58
Yogyakarta,2018,-,-,SMAN 1 Prambanan Kab. Sleman,IPS,Terendah,70.0,280.0
Yogyakarta,2018,-,-,SMAN 1 Prambanan Kab. Sleman,IPS,Tertinggi,83.5,334.0
Yogyakarta,2018,-,-,SMAN 1 Prambanan Kab. Sleman,IPS,Rata - Rata,73.56,294.25
Yogyakarta,2018,-,-,SMAN 1 Pakem Kab. Sleman,IPA,Terendah,69.0,276.0
Yogyakarta,2018,-,-,SMAN 1 Pakem Kab. Sleman,IPA,Tertinggi,93.75,375.0
Yogyakarta,2018,-,-,SMAN 1 Pakem Kab. Sleman,IPA,Rata - Rata,88.63,354.51
Yogyakarta,2018,-,-,SMAN 1 Pakem Kab. Sleman,IPS,Terendah,77.5,310.0
Yogyakarta,2018,-,-,SMAN 1 Pakem Kab. Sleman,IPS,Tertinggi,90.5,362.0
Yogyakarta,2018,-,-,SMAN 1 Pakem Kab. Sleman,IPS,Rata - Rata,81.8,327.18
Yogyakarta,2018,-,-,SMAN 1 Ngemplak Kab. Sleman,IPA,Terendah,68.38,273.5
Yogyakarta,2018,-,-,SMAN 1 Ngemplak Kab. Sleman,IPA,Tertinggi,87.25,349.0
Yogyakarta,2018,-,-,SMAN 1 Ngemplak Kab. Sleman,IPA,Rata - Rata,73.34,293.38
Yogyakarta,2018,-,-,SMAN 1 Ngemplak Kab. Sleman,IPS,Terendah,53.88,215.5
Yogyakarta,2018,-,-,SMAN 1 Ngemplak Kab. Sleman,IPS,Tertinggi,78.25,313.0
Yogyakarta,2018,-,-,SMAN 1 Ngemplak Kab. Sleman,IPS,Rata - Rata,69.58,278.34
Yogyakarta,2018,-,-,SMAN 1 Mlati Kab. Sleman,IPA,Terendah,81.38,325.5
Yogyakarta,2018,-,-,SMAN 1 Mlati Kab. Sleman,IPA,Tertinggi,91.25,365.0
Yogyakarta,2018,-,-,SMAN 1 Mlati Kab. Sleman,IPA,Rata - Rata,83.95,335.79
Yogyakarta,2018,-,-,SMAN 1 Mlati Kab. Sleman,IPS,Terendah,62.63,250.5
Yogyakarta,2018,-,-,SMAN 1 Mlati Kab. Sleman,IPS,Tertinggi,86.38,345.5
Yogyakarta,2018,-,-,SMAN 1 Mlati Kab. Sleman,IPS,Rata - Rata,78.59,314.38
Yogyakarta,2018,-,-,SMAN 1 Minggir Sleman,IPA,Terendah,64.0,256.0
Yogyakarta,2018,-,-,SMAN 1 Minggir Sleman,IPA,Tertinggi,85.25,341.0
Yogyakarta,2018,-,-,SMAN 1 Minggir Sleman,IPA,Rata - Rata,73.86,295.42
Yogyakarta,2018,-,-,SMAN 1 Minggir Sleman,IPS,Terendah,48.25,193.0
Yogyakarta,2018,-,-,SMAN 1 Minggir Sleman,IPS,Tertinggi,78.0,312.0
Yogyakarta,2018,-,-,SMAN 1 Minggir Sleman,IPS,Rata - Rata,56.53,226.13
Yogyakarta,2018,-,-,SMAN 2 Ngaglik Kab. Sleman,IPA,Terendah,73.88,295.5
Yogyakarta,2018,-,-,SMAN 2 Ngaglik Kab. Sleman,IPA,Tertinggi,89.13,356.5
Yogyakarta,2018,-,-,SMAN 2 Ngaglik Kab. Sleman,IPA,Rata - Rata,80.99,323.96
Yogyakarta,2018,-,-,SMAN 2 Ngaglik Kab. Sleman,IPS,Terendah,74.38,297.5
Yogyakarta,2018,-,-,SMAN 2 Ngaglik Kab. Sleman,IPS,Tertinggi,88.25,353.0
Yogyakarta,2018,-,-,SMAN 2 Ngaglik Kab. Sleman,IPS,Rata - Rata,78.22,312.86
Yogyakarta,2018,-,-,SMAN 2 Sleman,IPA,Terendah,59.75,239.0
Yogyakarta,2018,-,-,SMAN 2 Sleman,IPA,Tertinggi,87.25,349.0
Yogyakarta,2018,-,-,SMAN 2 Sleman,IPA,Rata - Rata,79.23,316.92
Yogyakarta,2018,-,-,SMAN 2 Sleman,IPS,Terendah,64.5,258.0
Yogyakarta,2018,-,-,SMAN 2 Sleman,IPS,Tertinggi,80.5,322.0
Yogyakarta,2018,-,-,SMAN 2 Sleman,IPS,Rata - Rata,74.19,296.75
Yogyakarta,2018,-,-,SMAN 1 Kalasan Kab. Sleman,IPA,Terendah,66.63,266.5
Yogyakarta,2018,-,-,SMAN 1 Kalasan Kab. Sleman,IPA,Tertinggi,94.63,378.5
Yogyakarta,2018,-,-,SMAN 1 Kalasan Kab. Sleman,IPA,Rata - Rata,89.38,357.51
Yogyakarta,2018,-,-,SMAN 1 Kalasan Kab. Sleman,IPS,Terendah,67.63,270.5
Yogyakarta,2018,-,-,SMAN 1 Kalasan Kab. Sleman,IPS,Tertinggi,92.63,370.5
Yogyakarta,2018,-,-,SMAN 1 Kalasan Kab. Sleman,IPS,Rata - Rata,83.78,335.13
Yogyakarta,2018,-,-,SMAN 1 Godean Kab. Sleman,IPA,Terendah,61.63,246.5
Yogyakarta,2018,-,-,SMAN 1 Godean Kab. Sleman,IPA,Tertinggi,93.75,375.0
Yogyakarta,2018,-,-,SMAN 1 Godean Kab. Sleman,IPA,Rata - Rata,88.33,353.32
Yogyakarta,2018,-,-,SMAN 1 Godean Kab. Sleman,IPS,Terendah,60.0,240.0
Yogyakarta,2018,-,-,SMAN 1 Godean Kab. Sleman,IPS,Tertinggi,90.88,363.5
Yogyakarta,2018,-,-,SMAN 1 Godean Kab. Sleman,IPS,Rata - Rata,82.71,330.85
Yogyakarta,2018,-,-,SMAN 1 Gamping Kab Sleman,IPA,Terendah,74.5,298.0
Yogyakarta,2018,-,-,SMAN 1 Gamping Kab Sleman,IPA,Tertinggi,85.5,342.0
Yogyakarta,2018,-,-,SMAN 1 Gamping Kab Sleman,IPA,Rata - Rata,77.21,308.85
Yogyakarta,2018,-,-,SMAN 1 Gamping Kab Sleman,IPS,Terendah,68.88,275.5
Yogyakarta,2018,-,-,SMAN 1 Gamping Kab Sleman,IPS,Tertinggi,77.25,309.0
Yogyakarta,2018,-,-,SMAN 1 Gamping Kab Sleman,IPS,Rata - Rata,73.63,294.5
Yogyakarta,2018,-,-,SMAN 1 Cangkringan Kab Sleman,IPA,Terendah,59.88,239.5
Yogyakarta,2018,-,-,SMAN 1 Cangkringan Kab Sleman,IPA,Tertinggi,87.25,349.0
Yogyakarta,2018,-,-,SMAN 1 Cangkringan Kab Sleman,IPA,Rata - Rata,71.04,284.17
Yogyakarta,2018,-,-,SMAN 1 Cangkringan Kab Sleman,IPS,Terendah,58.0,232.0
Yogyakarta,2018,-,-,SMAN 1 Cangkringan Kab Sleman,IPS,Tertinggi,74.5,298.0
Yogyakarta,2018,-,-,SMAN 1 Cangkringan Kab Sleman,IPS,Rata - Rata,62.36,249.43
