Provinsi,Tahun,Jalur,Tahap,Sekolah,Jurusan,Indikator,Nilai Akhir
Yogyakarta,2018,-,-,SMAN 1 Wonosari,IPA,Terendah,298.5
Yogyakarta,2018,-,-,SMAN 1 Wonosari,IPA,Tertinggi,374.5
Yogyakarta,2018,-,-,SMAN 1 Wonosari,IPA,Rata - Rata,349.5
Yogyakarta,2018,-,-,SMAN 1 Wonosari,IPS,Terendah,205.0
Yogyakarta,2018,-,-,SMAN 1 Wonosari,IPS,Tertinggi,371.0
Yogyakarta,2018,-,-,SMAN 1 Wonosari,IPS,Rata - Rata,310.23
Yogyakarta,2018,-,-,SMAN 1 Bantul,IPA,Terendah,244.5
Yogyakarta,2018,-,-,SMAN 1 Bantul,IPA,Tertinggi,386.5
Yogyakarta,2018,-,-,SMAN 1 Bantul,IPA,Rata - Rata,357.02
Yogyakarta,2018,-,-,SMAN 1 Bantul,IPS,Terendah,317.5
Yogyakarta,2018,-,-,SMAN 1 Bantul,IPS,Tertinggi,372.5
Yogyakarta,2018,-,-,SMAN 1 Bantul,IPS,Rata - Rata,337.25
Yogyakarta,2018,-,-,SMAN 2 Bantul,IPA,Terendah,313.5
Yogyakarta,2018,-,-,SMAN 2 Bantul,IPA,Tertinggi,378.5
Yogyakarta,2018,-,-,SMAN 2 Bantul,IPA,Rata - Rata,343.48
Yogyakarta,2018,-,-,SMAN 2 Bantul,IPS,Terendah,249.0
Yogyakarta,2018,-,-,SMAN 2 Bantul,IPS,Tertinggi,369.5
Yogyakarta,2018,-,-,SMAN 2 Bantul,IPS,Rata - Rata,324.64
Yogyakarta,2018,-,-,SMAN 1 Patuk,IPA,Terendah,244.0
Yogyakarta,2018,-,-,SMAN 1 Patuk,IPA,Tertinggi,347.5
Yogyakarta,2018,-,-,SMAN 1 Patuk,IPA,Rata - Rata,285.72
Yogyakarta,2018,-,-,SMAN 1 Patuk,IPS,Terendah,138.5
Yogyakarta,2018,-,-,SMAN 1 Patuk,IPS,Tertinggi,333.5
Yogyakarta,2018,-,-,SMAN 1 Patuk,IPS,Rata - Rata,218.98
Yogyakarta,2018,-,-,SMAN 2 Wates,IPA,Terendah,311.0
Yogyakarta,2018,-,-,SMAN 2 Wates,IPA,Tertinggi,368.5
Yogyakarta,2018,-,-,SMAN 2 Wates,IPA,Rata - Rata,337.36
Yogyakarta,2018,-,-,SMAN 2 Wates,IPS,Terendah,278.0
Yogyakarta,2018,-,-,SMAN 2 Wates,IPS,Tertinggi,353.5
Yogyakarta,2018,-,-,SMAN 2 Wates,IPS,Rata - Rata,295.63
Yogyakarta,2018,-,-,SMAN 1 Temon,IPA,Terendah,250.0
Yogyakarta,2018,-,-,SMAN 1 Temon,IPA,Tertinggi,355.0
Yogyakarta,2018,-,-,SMAN 1 Temon,IPA,Rata - Rata,300.53
Yogyakarta,2018,-,-,SMAN 1 Temon,IPS,Terendah,190.5
Yogyakarta,2018,-,-,SMAN 1 Temon,IPS,Tertinggi,320.5
Yogyakarta,2018,-,-,SMAN 1 Temon,IPS,Rata - Rata,242.51
Yogyakarta,2018,-,-,SMAN 1 Depok,IPA,Terendah,301.5
Yogyakarta,2018,-,-,SMAN 1 Depok,IPA,Tertinggi,371.5
Yogyakarta,2018,-,-,SMAN 1 Depok,IPA,Rata - Rata,345.08
Yogyakarta,2018,-,-,SMAN 1 Depok,IPS,Terendah,310.0
Yogyakarta,2018,-,-,SMAN 1 Depok,IPS,Tertinggi,349.0
Yogyakarta,2018,-,-,SMAN 1 Depok,IPS,Rata - Rata,321.9
Yogyakarta,2018,-,-,SMAN 1 Ngaglik,IPA,Terendah,222.5
Yogyakarta,2018,-,-,SMAN 1 Ngaglik,IPA,Tertinggi,329.0
Yogyakarta,2018,-,-,SMAN 1 Ngaglik,IPA,Rata - Rata,285.7
Yogyakarta,2018,-,-,SMAN 1 Ngaglik,IPS,Terendah,248.5
Yogyakarta,2018,-,-,SMAN 1 Ngaglik,IPS,Tertinggi,300.5
Yogyakarta,2018,-,-,SMAN 1 Ngaglik,IPS,Rata - Rata,268.67
Yogyakarta,2018,-,-,SMAN 1 Yogyakarta,IPA,Terendah,284.0
Yogyakarta,2018,-,-,SMAN 1 Yogyakarta,IPA,Tertinggi,395.5
Yogyakarta,2018,-,-,SMAN 1 Yogyakarta,IPA,Rata - Rata,368.6
Yogyakarta,2018,-,-,SMAN 1 Yogyakarta,IPS,Terendah,347.5
Yogyakarta,2018,-,-,SMAN 1 Yogyakarta,IPS,Tertinggi,381.0
Yogyakarta,2018,-,-,SMAN 1 Yogyakarta,IPS,Rata - Rata,356.63
Yogyakarta,2018,-,-,SMAN 2 Yogyakarta,IPA,Terendah,347.5
Yogyakarta,2018,-,-,SMAN 2 Yogyakarta,IPA,Tertinggi,382.0
Yogyakarta,2018,-,-,SMAN 2 Yogyakarta,IPA,Rata - Rata,358.38
Yogyakarta,2018,-,-,SMAN 2 Yogyakarta,IPS,Terendah,323.0
Yogyakarta,2018,-,-,SMAN 2 Yogyakarta,IPS,Tertinggi,376.5
Yogyakarta,2018,-,-,SMAN 2 Yogyakarta,IPS,Rata - Rata,346.89
Yogyakarta,2018,-,-,SMAN 3 Yogyakarta,IPA,Terendah,363.5
Yogyakarta,2018,-,-,SMAN 3 Yogyakarta,IPA,Tertinggi,399.5
Yogyakarta,2018,-,-,SMAN 3 Yogyakarta,IPA,Rata - Rata,377.59
Yogyakarta,2018,-,-,SMAN 3 Yogyakarta,IPS,Terendah,283.0
Yogyakarta,2018,-,-,SMAN 3 Yogyakarta,IPS,Tertinggi,386.0
Yogyakarta,2018,-,-,SMAN 3 Yogyakarta,IPS,Rata - Rata,365.1
Yogyakarta,2018,-,-,SMAN 4 Yogyakarta,IPA,Terendah,276.0
Yogyakarta,2018,-,-,SMAN 4 Yogyakarta,IPA,Tertinggi,370.5
Yogyakarta,2018,-,-,SMAN 4 Yogyakarta,IPA,Rata - Rata,333.35
Yogyakarta,2018,-,-,SMAN 4 Yogyakarta,IPS,Terendah,313.5
Yogyakarta,2018,-,-,SMAN 4 Yogyakarta,IPS,Tertinggi,366.0
Yogyakarta,2018,-,-,SMAN 4 Yogyakarta,IPS,Rata - Rata,324.72
Yogyakarta,2018,-,-,SMAN 5 Yogyakarta,IPA,Terendah,266.5
Yogyakarta,2018,-,-,SMAN 5 Yogyakarta,IPA,Tertinggi,376.5
Yogyakarta,2018,-,-,SMAN 5 Yogyakarta,IPA,Rata - Rata,351.22
Yogyakarta,2018,-,-,SMAN 5 Yogyakarta,IPS,Terendah,267.5
Yogyakarta,2018,-,-,SMAN 5 Yogyakarta,IPS,Tertinggi,372.5
Yogyakarta,2018,-,-,SMAN 5 Yogyakarta,IPS,Rata - Rata,341.33
Yogyakarta,2018,-,-,SMAN 6 Yogyakarta,IPA,Terendah,252.0
Yogyakarta,2018,-,-,SMAN 6 Yogyakarta,IPA,Tertinggi,383.5
Yogyakarta,2018,-,-,SMAN 6 Yogyakarta,IPA,Rata - Rata,352.31
Yogyakarta,2018,-,-,SMAN 6 Yogyakarta,IPS,Terendah,305.0
Yogyakarta,2018,-,-,SMAN 6 Yogyakarta,IPS,Tertinggi,369.0
Yogyakarta,2018,-,-,SMAN 6 Yogyakarta,IPS,Rata - Rata,344.8
Yogyakarta,2018,-,-,SMAN 7 Yogyakarta,IPA,Terendah,279.5
Yogyakarta,2018,-,-,SMAN 7 Yogyakarta,IPA,Tertinggi,377.0
Yogyakarta,2018,-,-,SMAN 7 Yogyakarta,IPA,Rata - Rata,344.13
Yogyakarta,2018,-,-,SMAN 7 Yogyakarta,IPS,Terendah,326.0
Yogyakarta,2018,-,-,SMAN 7 Yogyakarta,IPS,Tertinggi,361.5
Yogyakarta,2018,-,-,SMAN 7 Yogyakarta,IPS,Rata - Rata,333.59
Yogyakarta,2018,-,-,SMAN 8 Yogyakarta,IPA,Terendah,310.5
Yogyakarta,2018,-,-,SMAN 8 Yogyakarta,IPA,Tertinggi,383.5
Yogyakarta,2018,-,-,SMAN 8 Yogyakarta,IPA,Rata - Rata,363.34
Yogyakarta,2018,-,-,SMAN 8 Yogyakarta,IPS,Terendah,304.0
Yogyakarta,2018,-,-,SMAN 8 Yogyakarta,IPS,Tertinggi,377.0
Yogyakarta,2018,-,-,SMAN 8 Yogyakarta,IPS,Rata - Rata,355.2
Yogyakarta,2018,-,-,SMAN 9 Yogyakarta,IPA,Terendah,245.5
Yogyakarta,2018,-,-,SMAN 9 Yogyakarta,IPA,Tertinggi,378.0
Yogyakarta,2018,-,-,SMAN 9 Yogyakarta,IPA,Rata - Rata,349.25
Yogyakarta,2018,-,-,SMAN 9 Yogyakarta,IPS,Terendah,281.5
Yogyakarta,2018,-,-,SMAN 9 Yogyakarta,IPS,Tertinggi,366.5
Yogyakarta,2018,-,-,SMAN 9 Yogyakarta,IPS,Rata - Rata,337.53
Yogyakarta,2018,-,-,SMAN 10 Yogyakarta,IPA,Terendah,313.5
Yogyakarta,2018,-,-,SMAN 10 Yogyakarta,IPA,Tertinggi,358.0
Yogyakarta,2018,-,-,SMAN 10 Yogyakarta,IPA,Rata - Rata,324.17
Yogyakarta,2018,-,-,SMAN 10 Yogyakarta,IPS,Terendah,165.0
Yogyakarta,2018,-,-,SMAN 10 Yogyakarta,IPS,Tertinggi,342.0
Yogyakarta,2018,-,-,SMAN 10 Yogyakarta,IPS,Rata - Rata,312.31
Yogyakarta,2018,-,-,SMAN 11 Yogyakarta,IPA,Terendah,325.0
Yogyakarta,2018,-,-,SMAN 11 Yogyakarta,IPA,Tertinggi,371.0
Yogyakarta,2018,-,-,SMAN 11 Yogyakarta,IPA,Rata - Rata,335.82
Yogyakarta,2018,-,-,SMAN 11 Yogyakarta,IPS,Terendah,189.0
Yogyakarta,2018,-,-,SMAN 11 Yogyakarta,IPS,Tertinggi,358.0
Yogyakarta,2018,-,-,SMAN 11 Yogyakarta,IPS,Rata - Rata,320.9
Yogyakarta,2018,-,-,SMAN 1 Sewon,IPA,Terendah,250.0
Yogyakarta,2018,-,-,SMAN 1 Sewon,IPA,Tertinggi,369.5
Yogyakarta,2018,-,-,SMAN 1 Sewon,IPA,Rata - Rata,319.66
Yogyakarta,2018,-,-,SMAN 1 Sewon,IPS,Terendah,294.5
Yogyakarta,2018,-,-,SMAN 1 Sewon,IPS,Tertinggi,344.0
Yogyakarta,2018,-,-,SMAN 1 Sewon,IPS,Rata - Rata,309.24
Yogyakarta,2018,-,-,SMAN 1 Sedayu,IPA,Terendah,269.5
Yogyakarta,2018,-,-,SMAN 1 Sedayu,IPA,Tertinggi,360.5
Yogyakarta,2018,-,-,SMAN 1 Sedayu,IPA,Rata - Rata,301.75
Yogyakarta,2018,-,-,SMAN 1 Sedayu,IPS,Terendah,246.0
Yogyakarta,2018,-,-,SMAN 1 Sedayu,IPS,Tertinggi,347.0
Yogyakarta,2018,-,-,SMAN 1 Sedayu,IPS,Rata - Rata,266.75
Yogyakarta,2018,-,-,SMAN 1 Sedayu,Bahasa,Terendah,238.0
Yogyakarta,2018,-,-,SMAN 1 Sedayu,Bahasa,Tertinggi,314.0
Yogyakarta,2018,-,-,SMAN 1 Sedayu,Bahasa,Rata - Rata,253.31
Yogyakarta,2018,-,-,SMAN 1 Sanden,IPA,Terendah,345.0
Yogyakarta,2018,-,-,SMAN 1 Sanden,IPA,Tertinggi,374.0
Yogyakarta,2018,-,-,SMAN 1 Sanden,IPA,Rata - Rata,357.03
Yogyakarta,2018,-,-,SMAN 1 Sanden,IPS,Terendah,325.5
Yogyakarta,2018,-,-,SMAN 1 Sanden,IPS,Tertinggi,344.5
Yogyakarta,2018,-,-,SMAN 1 Sanden,IPS,Rata - Rata,335.75
Yogyakarta,2018,-,-,SMAN 1 Sanden,Bahasa,Terendah,271.0
Yogyakarta,2018,-,-,SMAN 1 Sanden,Bahasa,Tertinggi,337.0
Yogyakarta,2018,-,-,SMAN 1 Sanden,Bahasa,Rata - Rata,295.13
Yogyakarta,2018,-,-,SMAN 1 Pundong,IPA,Terendah,314.5
Yogyakarta,2018,-,-,SMAN 1 Pundong,IPA,Tertinggi,364.5
Yogyakarta,2018,-,-,SMAN 1 Pundong,IPA,Rata - Rata,331.69
Yogyakarta,2018,-,-,SMAN 1 Pundong,IPS,Terendah,274.0
Yogyakarta,2018,-,-,SMAN 1 Pundong,IPS,Tertinggi,343.5
Yogyakarta,2018,-,-,SMAN 1 Pundong,IPS,Rata - Rata,295.17
Yogyakarta,2018,-,-,SMAN 1 Pleret,IPA,Terendah,254.0
Yogyakarta,2018,-,-,SMAN 1 Pleret,IPA,Tertinggi,329.5
Yogyakarta,2018,-,-,SMAN 1 Pleret,IPA,Rata - Rata,277.38
Yogyakarta,2018,-,-,SMAN 1 Pleret,IPS,Terendah,259.5
Yogyakarta,2018,-,-,SMAN 1 Pleret,IPS,Tertinggi,305.0
Yogyakarta,2018,-,-,SMAN 1 Pleret,IPS,Rata - Rata,271.35
Yogyakarta,2018,-,-,SMAN 1 Piyungan,IPA,Terendah,249.0
Yogyakarta,2018,-,-,SMAN 1 Piyungan,IPA,Tertinggi,326.0
Yogyakarta,2018,-,-,SMAN 1 Piyungan,IPA,Rata - Rata,272.96
Yogyakarta,2018,-,-,SMAN 1 Piyungan,IPS,Terendah,241.5
Yogyakarta,2018,-,-,SMAN 1 Piyungan,IPS,Tertinggi,298.5
Yogyakarta,2018,-,-,SMAN 1 Piyungan,IPS,Rata - Rata,259.87
Yogyakarta,2018,-,-,SMAN 1 Pajangan,IPA,Terendah,240.0
Yogyakarta,2018,-,-,SMAN 1 Pajangan,IPA,Tertinggi,326.5
Yogyakarta,2018,-,-,SMAN 1 Pajangan,IPA,Rata - Rata,268.99
Yogyakarta,2018,-,-,SMAN 1 Pajangan,IPS,Terendah,226.0
Yogyakarta,2018,-,-,SMAN 1 Pajangan,IPS,Tertinggi,306.0
Yogyakarta,2018,-,-,SMAN 1 Pajangan,IPS,Rata - Rata,245.9
Yogyakarta,2018,-,-,SMAN 1 Kretek,IPA,Terendah,216.0
Yogyakarta,2018,-,-,SMAN 1 Kretek,IPA,Tertinggi,297.0
Yogyakarta,2018,-,-,SMAN 1 Kretek,IPA,Rata - Rata,258.45
Yogyakarta,2018,-,-,SMAN 1 Kretek,IPS,Terendah,212.5
Yogyakarta,2018,-,-,SMAN 1 Kretek,IPS,Tertinggi,273.0
Yogyakarta,2018,-,-,SMAN 1 Kretek,IPS,Rata - Rata,237.94
Yogyakarta,2018,-,-,SMAN 1 Srandakan,IPA,Terendah,225.5
Yogyakarta,2018,-,-,SMAN 1 Srandakan,IPA,Tertinggi,343.0
Yogyakarta,2018,-,-,SMAN 1 Srandakan,IPA,Rata - Rata,300.88
Yogyakarta,2018,-,-,SMAN 1 Srandakan,IPS,Terendah,224.5
Yogyakarta,2018,-,-,SMAN 1 Srandakan,IPS,Tertinggi,309.5
Yogyakarta,2018,-,-,SMAN 1 Srandakan,IPS,Rata - Rata,247.64
Yogyakarta,2018,-,-,SMAN 2 Banguntapan,IPA,Terendah,270.5
Yogyakarta,2018,-,-,SMAN 2 Banguntapan,IPA,Tertinggi,352.5
Yogyakarta,2018,-,-,SMAN 2 Banguntapan,IPA,Rata - Rata,310.25
Yogyakarta,2018,-,-,SMAN 2 Banguntapan,IPS,Terendah,283.0
Yogyakarta,2018,-,-,SMAN 2 Banguntapan,IPS,Tertinggi,326.0
Yogyakarta,2018,-,-,SMAN 2 Banguntapan,IPS,Rata - Rata,291.29
Yogyakarta,2018,-,-,SMAN 1 Dlingo,IPA,Terendah,175.5
Yogyakarta,2018,-,-,SMAN 1 Dlingo,IPA,Tertinggi,340.0
Yogyakarta,2018,-,-,SMAN 1 Dlingo,IPA,Rata - Rata,250.42
Yogyakarta,2018,-,-,SMAN 1 Dlingo,IPS,Terendah,129.0
Yogyakarta,2018,-,-,SMAN 1 Dlingo,IPS,Tertinggi,276.0
Yogyakarta,2018,-,-,SMAN 1 Dlingo,IPS,Rata - Rata,199.46
Yogyakarta,2018,-,-,SMAN 3 Bantul,IPA,Terendah,274.0
Yogyakarta,2018,-,-,SMAN 3 Bantul,IPA,Tertinggi,334.5
Yogyakarta,2018,-,-,SMAN 3 Bantul,IPA,Rata - Rata,305.19
Yogyakarta,2018,-,-,SMAN 3 Bantul,IPS,Terendah,263.5
Yogyakarta,2018,-,-,SMAN 3 Bantul,IPS,Tertinggi,316.5
Yogyakarta,2018,-,-,SMAN 3 Bantul,IPS,Rata - Rata,281.21
Yogyakarta,2018,-,-,SMAN 1 Kasihan,IPA,Terendah,303.5
Yogyakarta,2018,-,-,SMAN 1 Kasihan,IPA,Tertinggi,361.0
Yogyakarta,2018,-,-,SMAN 1 Kasihan,IPA,Rata - Rata,323.2
Yogyakarta,2018,-,-,SMAN 1 Kasihan,IPS,Terendah,225.5
Yogyakarta,2018,-,-,SMAN 1 Kasihan,IPS,Tertinggi,341.5
Yogyakarta,2018,-,-,SMAN 1 Kasihan,IPS,Rata - Rata,310.0
Yogyakarta,2018,-,-,SMAN 1 Jetis,IPA,Terendah,246.0
Yogyakarta,2018,-,-,SMAN 1 Jetis,IPA,Tertinggi,364.5
Yogyakarta,2018,-,-,SMAN 1 Jetis,IPA,Rata - Rata,315.05
Yogyakarta,2018,-,-,SMAN 1 Jetis,IPS,Terendah,272.5
Yogyakarta,2018,-,-,SMAN 1 Jetis,IPS,Tertinggi,364.0
Yogyakarta,2018,-,-,SMAN 1 Jetis,IPS,Rata - Rata,294.17
Yogyakarta,2018,-,-,SMAN 1 Imogiri,IPA,Terendah,232.5
Yogyakarta,2018,-,-,SMAN 1 Imogiri,IPA,Tertinggi,351.5
Yogyakarta,2018,-,-,SMAN 1 Imogiri,IPA,Rata - Rata,277.42
Yogyakarta,2018,-,-,SMAN 1 Imogiri,IPS,Terendah,238.0
Yogyakarta,2018,-,-,SMAN 1 Imogiri,IPS,Tertinggi,321.5
Yogyakarta,2018,-,-,SMAN 1 Imogiri,IPS,Rata - Rata,253.62
Yogyakarta,2018,-,-,SMAN 1 Banguntapan,IPA,Terendah,306.5
Yogyakarta,2018,-,-,SMAN 1 Banguntapan,IPA,Tertinggi,371.5
Yogyakarta,2018,-,-,SMAN 1 Banguntapan,IPA,Rata - Rata,335.99
Yogyakarta,2018,-,-,SMAN 1 Banguntapan,IPS,Terendah,302.5
Yogyakarta,2018,-,-,SMAN 1 Banguntapan,IPS,Tertinggi,351.0
Yogyakarta,2018,-,-,SMAN 1 Banguntapan,IPS,Rata - Rata,315.15
Yogyakarta,2018,-,-,SMAN 1 Bambanglipuro,IPA,Terendah,292.5
Yogyakarta,2018,-,-,SMAN 1 Bambanglipuro,IPA,Tertinggi,360.0
Yogyakarta,2018,-,-,SMAN 1 Bambanglipuro,IPA,Rata - Rata,312.96
Yogyakarta,2018,-,-,SMAN 1 Bambanglipuro,IPS,Terendah,250.0
Yogyakarta,2018,-,-,SMAN 1 Bambanglipuro,IPS,Tertinggi,321.0
Yogyakarta,2018,-,-,SMAN 1 Bambanglipuro,IPS,Rata - Rata,269.33
Yogyakarta,2018,-,-,SMAN 1 Wates,IPA,Terendah,309.0
Yogyakarta,2018,-,-,SMAN 1 Wates,IPA,Tertinggi,380.5
Yogyakarta,2018,-,-,SMAN 1 Wates,IPA,Rata - Rata,342.51
Yogyakarta,2018,-,-,SMAN 1 Wates,IPS,Terendah,283.0
Yogyakarta,2018,-,-,SMAN 1 Wates,IPS,Tertinggi,357.0
Yogyakarta,2018,-,-,SMAN 1 Wates,IPS,Rata - Rata,311.75
Yogyakarta,2018,-,-,SMAN 1 Sentolo,IPA,Terendah,199.5
Yogyakarta,2018,-,-,SMAN 1 Sentolo,IPA,Tertinggi,361.5
Yogyakarta,2018,-,-,SMAN 1 Sentolo,IPA,Rata - Rata,295.38
Yogyakarta,2018,-,-,SMAN 1 Sentolo,IPS,Terendah,184.5
Yogyakarta,2018,-,-,SMAN 1 Sentolo,IPS,Tertinggi,325.0
Yogyakarta,2018,-,-,SMAN 1 Sentolo,IPS,Rata - Rata,235.94
Yogyakarta,2018,-,-,SMAN 1 Galur,IPA,Terendah,234.0
Yogyakarta,2018,-,-,SMAN 1 Galur,IPA,Tertinggi,361.0
Yogyakarta,2018,-,-,SMAN 1 Galur,IPA,Rata - Rata,264.35
Yogyakarta,2018,-,-,SMAN 1 Galur,IPS,Terendah,204.5
Yogyakarta,2018,-,-,SMAN 1 Galur,IPS,Tertinggi,272.5
Yogyakarta,2018,-,-,SMAN 1 Galur,IPS,Rata - Rata,228.56
Yogyakarta,2018,-,-,SMAN 1 Girimulyo,IPA,Terendah,192.5
Yogyakarta,2018,-,-,SMAN 1 Girimulyo,IPA,Tertinggi,345.0
Yogyakarta,2018,-,-,SMAN 1 Girimulyo,IPA,Rata - Rata,228.81
Yogyakarta,2018,-,-,SMAN 1 Girimulyo,IPS,Terendah,142.0
Yogyakarta,2018,-,-,SMAN 1 Girimulyo,IPS,Tertinggi,277.5
Yogyakarta,2018,-,-,SMAN 1 Girimulyo,IPS,Rata - Rata,205.52
Yogyakarta,2018,-,-,SMAN 1 Kalibawang,IPA,Terendah,205.5
Yogyakarta,2018,-,-,SMAN 1 Kalibawang,IPA,Tertinggi,339.5
Yogyakarta,2018,-,-,SMAN 1 Kalibawang,IPA,Rata - Rata,262.93
Yogyakarta,2018,-,-,SMAN 1 Kalibawang,IPS,Terendah,141.0
Yogyakarta,2018,-,-,SMAN 1 Kalibawang,IPS,Tertinggi,261.5
Yogyakarta,2018,-,-,SMAN 1 Kalibawang,IPS,Rata - Rata,191.69
Yogyakarta,2018,-,-,SMAN 1 Kokap,IPA,Terendah,132.0
Yogyakarta,2018,-,-,SMAN 1 Kokap,IPA,Tertinggi,324.5
Yogyakarta,2018,-,-,SMAN 1 Kokap,IPA,Rata - Rata,250.14
Yogyakarta,2018,-,-,SMAN 1 Kokap,IPS,Terendah,128.5
Yogyakarta,2018,-,-,SMAN 1 Kokap,IPS,Tertinggi,299.5
Yogyakarta,2018,-,-,SMAN 1 Kokap,IPS,Rata - Rata,209.91
Yogyakarta,2018,-,-,SMAN 1 Lendah,IPA,Terendah,273.0
Yogyakarta,2018,-,-,SMAN 1 Lendah,IPA,Tertinggi,350.0
Yogyakarta,2018,-,-,SMAN 1 Lendah,IPA,Rata - Rata,302.28
Yogyakarta,2018,-,-,SMAN 1 Lendah,IPS,Terendah,244.0
Yogyakarta,2018,-,-,SMAN 1 Lendah,IPS,Tertinggi,317.0
Yogyakarta,2018,-,-,SMAN 1 Lendah,IPS,Rata - Rata,260.87
Yogyakarta,2018,-,-,SMAN 1 Pengasih,IPA,Terendah,260.0
Yogyakarta,2018,-,-,SMAN 1 Pengasih,IPA,Tertinggi,361.5
Yogyakarta,2018,-,-,SMAN 1 Pengasih,IPA,Rata - Rata,295.67
Yogyakarta,2018,-,-,SMAN 1 Pengasih,IPS,Terendah,233.5
Yogyakarta,2018,-,-,SMAN 1 Pengasih,IPS,Tertinggi,346.5
Yogyakarta,2018,-,-,SMAN 1 Pengasih,IPS,Rata - Rata,275.27
Yogyakarta,2018,-,-,SMAN 1 Samigaluh,IPA,Terendah,146.0
Yogyakarta,2018,-,-,SMAN 1 Samigaluh,IPA,Tertinggi,362.0
Yogyakarta,2018,-,-,SMAN 1 Samigaluh,IPA,Rata - Rata,215.97
Yogyakarta,2018,-,-,SMAN 1 Samigaluh,IPS,Terendah,147.0
Yogyakarta,2018,-,-,SMAN 1 Samigaluh,IPS,Tertinggi,326.5
Yogyakarta,2018,-,-,SMAN 1 Samigaluh,IPS,Rata - Rata,203.05
Yogyakarta,2018,-,-,SMAN 1 Semin,IPA,Terendah,258.5
Yogyakarta,2018,-,-,SMAN 1 Semin,IPA,Tertinggi,361.0
Yogyakarta,2018,-,-,SMAN 1 Semin,IPA,Rata - Rata,298.76
Yogyakarta,2018,-,-,SMAN 1 Semin,IPS,Terendah,229.5
Yogyakarta,2018,-,-,SMAN 1 Semin,IPS,Tertinggi,330.5
Yogyakarta,2018,-,-,SMAN 1 Semin,IPS,Rata - Rata,252.22
Yogyakarta,2018,-,-,SMAN 1 Semanu,IPA,Terendah,155.0
Yogyakarta,2018,-,-,SMAN 1 Semanu,IPA,Tertinggi,303.5
Yogyakarta,2018,-,-,SMAN 1 Semanu,IPA,Rata - Rata,224.11
Yogyakarta,2018,-,-,SMAN 1 Semanu,IPS,Terendah,171.0
Yogyakarta,2018,-,-,SMAN 1 Semanu,IPS,Tertinggi,337.5
Yogyakarta,2018,-,-,SMAN 1 Semanu,IPS,Rata - Rata,215.51
Yogyakarta,2018,-,-,SMAN 1 Rongkop,IPA,Terendah,190.0
Yogyakarta,2018,-,-,SMAN 1 Rongkop,IPA,Tertinggi,341.0
Yogyakarta,2018,-,-,SMAN 1 Rongkop,IPA,Rata - Rata,269.33
Yogyakarta,2018,-,-,SMAN 1 Rongkop,IPS,Terendah,105.5
Yogyakarta,2018,-,-,SMAN 1 Rongkop,IPS,Tertinggi,277.5
Yogyakarta,2018,-,-,SMAN 1 Rongkop,IPS,Rata - Rata,196.12
Yogyakarta,2018,-,-,SMAN 1 Playen,IPA,Terendah,156.5
Yogyakarta,2018,-,-,SMAN 1 Playen,IPA,Tertinggi,355.5
Yogyakarta,2018,-,-,SMAN 1 Playen,IPA,Rata - Rata,268.78
Yogyakarta,2018,-,-,SMAN 1 Playen,IPS,Terendah,139.5
Yogyakarta,2018,-,-,SMAN 1 Playen,IPS,Tertinggi,321.0
Yogyakarta,2018,-,-,SMAN 1 Playen,IPS,Rata - Rata,204.93
Yogyakarta,2018,-,-,SMAN 1 Panggang,IPA,Terendah,182.0
Yogyakarta,2018,-,-,SMAN 1 Panggang,IPA,Tertinggi,343.0
Yogyakarta,2018,-,-,SMAN 1 Panggang,IPA,Rata - Rata,259.65
Yogyakarta,2018,-,-,SMAN 1 Panggang,IPS,Terendah,202.0
Yogyakarta,2018,-,-,SMAN 1 Panggang,IPS,Tertinggi,301.0
Yogyakarta,2018,-,-,SMAN 1 Panggang,IPS,Rata - Rata,234.83
Yogyakarta,2018,-,-,SMAN 1 Karangmojo,IPA,Terendah,278.0
Yogyakarta,2018,-,-,SMAN 1 Karangmojo,IPA,Tertinggi,360.5
Yogyakarta,2018,-,-,SMAN 1 Karangmojo,IPA,Rata - Rata,315.52
Yogyakarta,2018,-,-,SMAN 1 Karangmojo,IPS,Terendah,217.0
Yogyakarta,2018,-,-,SMAN 1 Karangmojo,IPS,Tertinggi,310.0
Yogyakarta,2018,-,-,SMAN 1 Karangmojo,IPS,Rata - Rata,255.51
Yogyakarta,2018,-,-,SMAN 2 Playen,IPA,Terendah,247.0
Yogyakarta,2018,-,-,SMAN 2 Playen,IPA,Tertinggi,375.5
Yogyakarta,2018,-,-,SMAN 2 Playen,IPA,Rata - Rata,303.02
Yogyakarta,2018,-,-,SMAN 2 Playen,IPS,Terendah,161.5
Yogyakarta,2018,-,-,SMAN 2 Playen,IPS,Tertinggi,352.0
Yogyakarta,2018,-,-,SMAN 2 Playen,IPS,Rata - Rata,239.18
Yogyakarta,2018,-,-,SMAN 2 Wonosari,IPA,Terendah,245.0
Yogyakarta,2018,-,-,SMAN 2 Wonosari,IPA,Tertinggi,368.0
Yogyakarta,2018,-,-,SMAN 2 Wonosari,IPA,Rata - Rata,320.27
Yogyakarta,2018,-,-,SMAN 2 Wonosari,IPS,Terendah,247.5
Yogyakarta,2018,-,-,SMAN 2 Wonosari,IPS,Tertinggi,358.0
Yogyakarta,2018,-,-,SMAN 2 Wonosari,IPS,Rata - Rata,283.03
Yogyakarta,2018,-,-,SMAN 2 Wonosari,Bahasa,Terendah,208.5
Yogyakarta,2018,-,-,SMAN 2 Wonosari,Bahasa,Tertinggi,359.5
Yogyakarta,2018,-,-,SMAN 2 Wonosari,Bahasa,Rata - Rata,265.9
Yogyakarta,2018,-,-,SMAN 1 Tanjungsari,IPA,Terendah,184.5
Yogyakarta,2018,-,-,SMAN 1 Tanjungsari,IPA,Tertinggi,323.0
Yogyakarta,2018,-,-,SMAN 1 Tanjungsari,IPA,Rata - Rata,241.95
Yogyakarta,2018,-,-,SMAN 1 Tanjungsari,IPS,Terendah,137.5
Yogyakarta,2018,-,-,SMAN 1 Tanjungsari,IPS,Tertinggi,264.0
Yogyakarta,2018,-,-,SMAN 1 Tanjungsari,IPS,Rata - Rata,198.18
Yogyakarta,2018,-,-,SMAN 1 Turi Kab. Sleman,IPA,Terendah,257.0
Yogyakarta,2018,-,-,SMAN 1 Turi Kab. Sleman,IPA,Tertinggi,353.0
Yogyakarta,2018,-,-,SMAN 1 Turi Kab. Sleman,IPA,Rata - Rata,284.11
Yogyakarta,2018,-,-,SMAN 1 Turi Kab. Sleman,IPS,Terendah,227.0
Yogyakarta,2018,-,-,SMAN 1 Turi Kab. Sleman,IPS,Tertinggi,305.5
Yogyakarta,2018,-,-,SMAN 1 Turi Kab. Sleman,IPS,Rata - Rata,251.65
Yogyakarta,2018,-,-,SMAN 1 Tempel Kab. Sleman,IPA,Terendah,181.0
Yogyakarta,2018,-,-,SMAN 1 Tempel Kab. Sleman,IPA,Tertinggi,328.0
Yogyakarta,2018,-,-,SMAN 1 Tempel Kab. Sleman,IPA,Rata - Rata,254.29
Yogyakarta,2018,-,-,SMAN 1 Tempel Kab. Sleman,IPS,Terendah,161.0
Yogyakarta,2018,-,-,SMAN 1 Tempel Kab. Sleman,IPS,Tertinggi,340.0
Yogyakarta,2018,-,-,SMAN 1 Tempel Kab. Sleman,IPS,Rata - Rata,232.92
Yogyakarta,2018,-,-,SMAN 1 Sleman Kab. Sleman,IPA,Terendah,343.5
Yogyakarta,2018,-,-,SMAN 1 Sleman Kab. Sleman,IPA,Tertinggi,380.0
Yogyakarta,2018,-,-,SMAN 1 Sleman Kab. Sleman,IPA,Rata - Rata,357.68
Yogyakarta,2018,-,-,SMAN 1 Sleman Kab. Sleman,IPS,Terendah,257.5
Yogyakarta,2018,-,-,SMAN 1 Sleman Kab. Sleman,IPS,Tertinggi,373.5
Yogyakarta,2018,-,-,SMAN 1 Sleman Kab. Sleman,IPS,Rata - Rata,335.14
Yogyakarta,2018,-,-,SMAN 1 Seyegan Kab. Sleman,IPA,Terendah,301.5
Yogyakarta,2018,-,-,SMAN 1 Seyegan Kab. Sleman,IPA,Tertinggi,364.5
Yogyakarta,2018,-,-,SMAN 1 Seyegan Kab. Sleman,IPA,Rata - Rata,321.31
Yogyakarta,2018,-,-,SMAN 1 Seyegan Kab. Sleman,IPS,Terendah,249.5
Yogyakarta,2018,-,-,SMAN 1 Seyegan Kab. Sleman,IPS,Tertinggi,345.0
Yogyakarta,2018,-,-,SMAN 1 Seyegan Kab. Sleman,IPS,Rata - Rata,294.98
Yogyakarta,2018,-,-,SMAN 1 Prambanan Kab. Sleman,IPA,Terendah,263.5
Yogyakarta,2018,-,-,SMAN 1 Prambanan Kab. Sleman,IPA,Tertinggi,359.0
Yogyakarta,2018,-,-,SMAN 1 Prambanan Kab. Sleman,IPA,Rata - Rata,322.58
Yogyakarta,2018,-,-,SMAN 1 Prambanan Kab. Sleman,IPS,Terendah,280.0
Yogyakarta,2018,-,-,SMAN 1 Prambanan Kab. Sleman,IPS,Tertinggi,334.0
Yogyakarta,2018,-,-,SMAN 1 Prambanan Kab. Sleman,IPS,Rata - Rata,294.25
Yogyakarta,2018,-,-,SMAN 1 Pakem Kab. Sleman,IPA,Terendah,276.0
Yogyakarta,2018,-,-,SMAN 1 Pakem Kab. Sleman,IPA,Tertinggi,375.0
Yogyakarta,2018,-,-,SMAN 1 Pakem Kab. Sleman,IPA,Rata - Rata,354.51
Yogyakarta,2018,-,-,SMAN 1 Pakem Kab. Sleman,IPS,Terendah,310.0
Yogyakarta,2018,-,-,SMAN 1 Pakem Kab. Sleman,IPS,Tertinggi,362.0
Yogyakarta,2018,-,-,SMAN 1 Pakem Kab. Sleman,IPS,Rata - Rata,327.18
Yogyakarta,2018,-,-,SMAN 1 Ngemplak Kab. Sleman,IPA,Terendah,273.5
Yogyakarta,2018,-,-,SMAN 1 Ngemplak Kab. Sleman,IPA,Tertinggi,349.0
Yogyakarta,2018,-,-,SMAN 1 Ngemplak Kab. Sleman,IPA,Rata - Rata,293.38
Yogyakarta,2018,-,-,SMAN 1 Ngemplak Kab. Sleman,IPS,Terendah,215.5
Yogyakarta,2018,-,-,SMAN 1 Ngemplak Kab. Sleman,IPS,Tertinggi,313.0
Yogyakarta,2018,-,-,SMAN 1 Ngemplak Kab. Sleman,IPS,Rata - Rata,278.34
Yogyakarta,2018,-,-,SMAN 1 Mlati Kab. Sleman,IPA,Terendah,325.5
Yogyakarta,2018,-,-,SMAN 1 Mlati Kab. Sleman,IPA,Tertinggi,365.0
Yogyakarta,2018,-,-,SMAN 1 Mlati Kab. Sleman,IPA,Rata - Rata,335.79
Yogyakarta,2018,-,-,SMAN 1 Mlati Kab. Sleman,IPS,Terendah,250.5
Yogyakarta,2018,-,-,SMAN 1 Mlati Kab. Sleman,IPS,Tertinggi,345.5
Yogyakarta,2018,-,-,SMAN 1 Mlati Kab. Sleman,IPS,Rata - Rata,314.38
Yogyakarta,2018,-,-,SMAN 1 Minggir Sleman,IPA,Terendah,256.0
Yogyakarta,2018,-,-,SMAN 1 Minggir Sleman,IPA,Tertinggi,341.0
Yogyakarta,2018,-,-,SMAN 1 Minggir Sleman,IPA,Rata - Rata,295.42
Yogyakarta,2018,-,-,SMAN 1 Minggir Sleman,IPS,Terendah,193.0
Yogyakarta,2018,-,-,SMAN 1 Minggir Sleman,IPS,Tertinggi,312.0
Yogyakarta,2018,-,-,SMAN 1 Minggir Sleman,IPS,Rata - Rata,226.13
Yogyakarta,2018,-,-,SMAN 2 Ngaglik Kab. Sleman,IPA,Terendah,295.5
Yogyakarta,2018,-,-,SMAN 2 Ngaglik Kab. Sleman,IPA,Tertinggi,356.5
Yogyakarta,2018,-,-,SMAN 2 Ngaglik Kab. Sleman,IPA,Rata - Rata,323.96
Yogyakarta,2018,-,-,SMAN 2 Ngaglik Kab. Sleman,IPS,Terendah,297.5
Yogyakarta,2018,-,-,SMAN 2 Ngaglik Kab. Sleman,IPS,Tertinggi,353.0
Yogyakarta,2018,-,-,SMAN 2 Ngaglik Kab. Sleman,IPS,Rata - Rata,312.86
Yogyakarta,2018,-,-,SMAN 2 Sleman,IPA,Terendah,239.0
Yogyakarta,2018,-,-,SMAN 2 Sleman,IPA,Tertinggi,349.0
Yogyakarta,2018,-,-,SMAN 2 Sleman,IPA,Rata - Rata,316.92
Yogyakarta,2018,-,-,SMAN 2 Sleman,IPS,Terendah,258.0
Yogyakarta,2018,-,-,SMAN 2 Sleman,IPS,Tertinggi,322.0
Yogyakarta,2018,-,-,SMAN 2 Sleman,IPS,Rata - Rata,296.75
Yogyakarta,2018,-,-,SMAN 1 Kalasan Kab. Sleman,IPA,Terendah,266.5
Yogyakarta,2018,-,-,SMAN 1 Kalasan Kab. Sleman,IPA,Tertinggi,378.5
Yogyakarta,2018,-,-,SMAN 1 Kalasan Kab. Sleman,IPA,Rata - Rata,357.51
Yogyakarta,2018,-,-,SMAN 1 Kalasan Kab. Sleman,IPS,Terendah,270.5
Yogyakarta,2018,-,-,SMAN 1 Kalasan Kab. Sleman,IPS,Tertinggi,370.5
Yogyakarta,2018,-,-,SMAN 1 Kalasan Kab. Sleman,IPS,Rata - Rata,335.13
Yogyakarta,2018,-,-,SMAN 1 Godean Kab. Sleman,IPA,Terendah,246.5
Yogyakarta,2018,-,-,SMAN 1 Godean Kab. Sleman,IPA,Tertinggi,375.0
Yogyakarta,2018,-,-,SMAN 1 Godean Kab. Sleman,IPA,Rata - Rata,353.32
Yogyakarta,2018,-,-,SMAN 1 Godean Kab. Sleman,IPS,Terendah,240.0
Yogyakarta,2018,-,-,SMAN 1 Godean Kab. Sleman,IPS,Tertinggi,363.5
Yogyakarta,2018,-,-,SMAN 1 Godean Kab. Sleman,IPS,Rata - Rata,330.85
Yogyakarta,2018,-,-,SMAN 1 Gamping Kab Sleman,IPA,Terendah,298.0
Yogyakarta,2018,-,-,SMAN 1 Gamping Kab Sleman,IPA,Tertinggi,342.0
Yogyakarta,2018,-,-,SMAN 1 Gamping Kab Sleman,IPA,Rata - Rata,308.85
Yogyakarta,2018,-,-,SMAN 1 Gamping Kab Sleman,IPS,Terendah,275.5
Yogyakarta,2018,-,-,SMAN 1 Gamping Kab Sleman,IPS,Tertinggi,309.0
Yogyakarta,2018,-,-,SMAN 1 Gamping Kab Sleman,IPS,Rata - Rata,294.5
Yogyakarta,2018,-,-,SMAN 1 Cangkringan Kab Sleman,IPA,Terendah,239.5
Yogyakarta,2018,-,-,SMAN 1 Cangkringan Kab Sleman,IPA,Tertinggi,349.0
Yogyakarta,2018,-,-,SMAN 1 Cangkringan Kab Sleman,IPA,Rata - Rata,284.17
Yogyakarta,2018,-,-,SMAN 1 Cangkringan Kab Sleman,IPS,Terendah,232.0
Yogyakarta,2018,-,-,SMAN 1 Cangkringan Kab Sleman,IPS,Tertinggi,298.0
Yogyakarta,2018,-,-,SMAN 1 Cangkringan Kab Sleman,IPS,Rata - Rata,249.43
Yogyakarta,2017,Reguler,-,SMAN 1 Bantul,-,Terendah,360.0
Yogyakarta,2017,Reguler,-,SMAN 1 Bantul,-,Tertinggi,405.0
Yogyakarta,2017,Reguler,-,SMAN 1 Bantul,-,Rata - Rata,381.06
Yogyakarta,2017,Reguler,-,SMAN 2 Bantul,-,Terendah,335.5
Yogyakarta,2017,Reguler,-,SMAN 2 Bantul,-,Tertinggi,392.5
Yogyakarta,2017,Reguler,-,SMAN 2 Bantul,-,Rata - Rata,366.45
Yogyakarta,2017,Reguler,-,SMAN 1 Wonosari,-,Terendah,346.5
Yogyakarta,2017,Reguler,-,SMAN 1 Wonosari,-,Tertinggi,405.0
Yogyakarta,2017,Reguler,-,SMAN 1 Wonosari,-,Rata - Rata,375.79
Yogyakarta,2017,Reguler,-,SMAN 1 Patuk,-,Terendah,207.0
Yogyakarta,2017,Reguler,-,SMAN 1 Patuk,-,Tertinggi,354.0
Yogyakarta,2017,Reguler,-,SMAN 1 Patuk,-,Rata - Rata,253.36
Yogyakarta,2017,Reguler,-,SMAN 2 Wates,-,Terendah,290.0
Yogyakarta,2017,Reguler,-,SMAN 2 Wates,-,Tertinggi,387.0
Yogyakarta,2017,Reguler,-,SMAN 2 Wates,-,Rata - Rata,347.45
Yogyakarta,2017,Reguler,-,SMAN 1 Temon,-,Terendah,242.0
Yogyakarta,2017,Reguler,-,SMAN 1 Temon,-,Tertinggi,346.5
Yogyakarta,2017,Reguler,-,SMAN 1 Temon,-,Rata - Rata,278.03
Yogyakarta,2017,Reguler,-,SMAN 1 Depok,-,Terendah,335.5
Yogyakarta,2017,Reguler,-,SMAN 1 Depok,-,Tertinggi,399.5
Yogyakarta,2017,Reguler,-,SMAN 1 Depok,-,Rata - Rata,358.8
Yogyakarta,2017,Reguler,-,SMAN 1 Ngaglik,-,Terendah,283.5
Yogyakarta,2017,Reguler,-,SMAN 1 Ngaglik,-,Tertinggi,344.0
Yogyakarta,2017,Reguler,-,SMAN 1 Ngaglik,-,Rata - Rata,299.45
Yogyakarta,2017,Reguler,-,SMAN 1 Yogya,-,Terendah,347.5
Yogyakarta,2017,Reguler,-,SMAN 1 Yogya,-,Tertinggi,409.5
Yogyakarta,2017,Reguler,-,SMAN 1 Yogya,-,Rata - Rata,391.62
Yogyakarta,2017,Reguler,-,SMAN 2 Yogya,-,Terendah,326.5
Yogyakarta,2017,Reguler,-,SMAN 2 Yogya,-,Tertinggi,397.0
Yogyakarta,2017,Reguler,-,SMAN 2 Yogya,-,Rata - Rata,380.79
Yogyakarta,2017,Reguler,-,SMAN 3 Yogyakarta,-,Terendah,357.0
Yogyakarta,2017,Reguler,-,SMAN 3 Yogyakarta,-,Tertinggi,417.0
Yogyakarta,2017,Reguler,-,SMAN 3 Yogyakarta,-,Rata - Rata,398.03
Yogyakarta,2017,Reguler,-,SMAN 4 Yogyakarta,-,Terendah,236.5
Yogyakarta,2017,Reguler,-,SMAN 4 Yogyakarta,-,Tertinggi,382.5
Yogyakarta,2017,Reguler,-,SMAN 4 Yogyakarta,-,Rata - Rata,361.7
Yogyakarta,2017,Reguler,-,SMAN 5 Yogyakarta,-,Terendah,273.5
Yogyakarta,2017,Reguler,-,SMAN 5 Yogyakarta,-,Tertinggi,398.0
Yogyakarta,2017,Reguler,-,SMAN 5 Yogyakarta,-,Rata - Rata,373.68
Yogyakarta,2017,Reguler,-,SMAN 6 Yogyakarta,-,Terendah,290.5
Yogyakarta,2017,Reguler,-,SMAN 6 Yogyakarta,-,Tertinggi,392.0
Yogyakarta,2017,Reguler,-,SMAN 6 Yogyakarta,-,Rata - Rata,374.9
Yogyakarta,2017,Reguler,-,SMAN 7 Yogyakarta,-,Terendah,252.0
Yogyakarta,2017,Reguler,-,SMAN 7 Yogyakarta,-,Tertinggi,389.5
Yogyakarta,2017,Reguler,-,SMAN 7 Yogyakarta,-,Rata - Rata,364.52
Yogyakarta,2017,Reguler,-,SMAN 8 Yogyakarta,-,Terendah,331.0
Yogyakarta,2017,Reguler,-,SMAN 8 Yogyakarta,-,Tertinggi,406.5
Yogyakarta,2017,Reguler,-,SMAN 8 Yogyakarta,-,Rata - Rata,386.4
Yogyakarta,2017,Reguler,-,SMAN 9 Yogyakarta,-,Terendah,314.0
Yogyakarta,2017,Reguler,-,SMAN 9 Yogyakarta,-,Tertinggi,388.0
Yogyakarta,2017,Reguler,-,SMAN 9 Yogyakarta,-,Rata - Rata,371.01
Yogyakarta,2017,Reguler,-,SMAN 10 Yogyakarta,-,Terendah,263.0
Yogyakarta,2017,Reguler,-,SMAN 10 Yogyakarta,-,Tertinggi,369.5
Yogyakarta,2017,Reguler,-,SMAN 10 Yogyakarta,-,Rata - Rata,351.77
Yogyakarta,2017,Reguler,-,SMAN 11 Yogyakarta,-,Terendah,228.5
Yogyakarta,2017,Reguler,-,SMAN 11 Yogyakarta,-,Tertinggi,375.0
Yogyakarta,2017,Reguler,-,SMAN 11 Yogyakarta,-,Rata - Rata,357.31
Yogyakarta,2017,Reguler,-,SMAN 1 Sewon,-,Terendah,239.5
Yogyakarta,2017,Reguler,-,SMAN 1 Sewon,-,Tertinggi,389.0
Yogyakarta,2017,Reguler,-,SMAN 1 Sewon,-,Rata - Rata,344.23
Yogyakarta,2017,Reguler,-,SMAN 1 Sedayu,-,Terendah,177.5
Yogyakarta,2017,Reguler,-,SMAN 1 Sedayu,-,Tertinggi,367.0
Yogyakarta,2017,Reguler,-,SMAN 1 Sedayu,-,Rata - Rata,275.2
Yogyakarta,2017,Reguler,-,SMAN 1 Sanden,-,Terendah,275.0
Yogyakarta,2017,Reguler,-,SMAN 1 Sanden,-,Tertinggi,385.0
Yogyakarta,2017,Reguler,-,SMAN 1 Sanden,-,Rata - Rata,315.87
Yogyakarta,2017,Reguler,-,SMAN 1 Pundong,-,Terendah,228.0
Yogyakarta,2017,Reguler,-,SMAN 1 Pundong,-,Tertinggi,385.0
Yogyakarta,2017,Reguler,-,SMAN 1 Pundong,-,Rata - Rata,309.8
Yogyakarta,2017,Reguler,-,SMAN 1 Pleret,-,Terendah,228.0
Yogyakarta,2017,Reguler,-,SMAN 1 Pleret,-,Tertinggi,343.5
Yogyakarta,2017,Reguler,-,SMAN 1 Pleret,-,Rata - Rata,293.82
Yogyakarta,2017,Reguler,-,SMAN 1 Piyungan,-,Terendah,215.5
Yogyakarta,2017,Reguler,-,SMAN 1 Piyungan,-,Tertinggi,335.0
Yogyakarta,2017,Reguler,-,SMAN 1 Piyungan,-,Rata - Rata,270.48
Yogyakarta,2017,Reguler,-,SMAN 1 Pajangan,-,Terendah,198.0
Yogyakarta,2017,Reguler,-,SMAN 1 Pajangan,-,Tertinggi,388.0
Yogyakarta,2017,Reguler,-,SMAN 1 Pajangan,-,Rata - Rata,277.73
Yogyakarta,2017,Reguler,-,SMAN 1 Kretek,-,Terendah,186.5
Yogyakarta,2017,Reguler,-,SMAN 1 Kretek,-,Tertinggi,291.0
Yogyakarta,2017,Reguler,-,SMAN 1 Kretek,-,Rata - Rata,241.04
Yogyakarta,2017,Reguler,-,SMAN 1 Srandakan,-,Terendah,165.5
Yogyakarta,2017,Reguler,-,SMAN 1 Srandakan,-,Tertinggi,311.5
Yogyakarta,2017,Reguler,-,SMAN 1 Srandakan,-,Rata - Rata,223.32
Yogyakarta,2017,Reguler,-,SMAN 2 Banguntapan,-,Terendah,214.0
Yogyakarta,2017,Reguler,-,SMAN 2 Banguntapan,-,Tertinggi,369.0
Yogyakarta,2017,Reguler,-,SMAN 2 Banguntapan,-,Rata - Rata,315.0
Yogyakarta,2017,Reguler,-,SMAN 1 Dlingo,-,Terendah,196.0
Yogyakarta,2017,Reguler,-,SMAN 1 Dlingo,-,Tertinggi,330.5
Yogyakarta,2017,Reguler,-,SMAN 1 Dlingo,-,Rata - Rata,237.0
Yogyakarta,2017,Reguler,-,SMAN 3 Bantul,-,Terendah,248.0
Yogyakarta,2017,Reguler,-,SMAN 3 Bantul,-,Tertinggi,367.0
Yogyakarta,2017,Reguler,-,SMAN 3 Bantul,-,Rata - Rata,319.58
Yogyakarta,2017,Reguler,-,SMAN 1 Kasihan,-,Terendah,280.5
Yogyakarta,2017,Reguler,-,SMAN 1 Kasihan,-,Tertinggi,387.5
Yogyakarta,2017,Reguler,-,SMAN 1 Kasihan,-,Rata - Rata,342.97
Yogyakarta,2017,Reguler,-,SMAN 1 Jetis,-,Terendah,242.5
Yogyakarta,2017,Reguler,-,SMAN 1 Jetis,-,Tertinggi,387.0
Yogyakarta,2017,Reguler,-,SMAN 1 Jetis,-,Rata - Rata,344.2
Yogyakarta,2017,Reguler,-,SMAN 1 Imogiri,-,Terendah,213.5
Yogyakarta,2017,Reguler,-,SMAN 1 Imogiri,-,Tertinggi,358.5
Yogyakarta,2017,Reguler,-,SMAN 1 Imogiri,-,Rata - Rata,283.04
Yogyakarta,2017,Reguler,-,SMAN 1 Banguntapan,-,Terendah,237.5
Yogyakarta,2017,Reguler,-,SMAN 1 Banguntapan,-,Tertinggi,383.0
Yogyakarta,2017,Reguler,-,SMAN 1 Banguntapan,-,Rata - Rata,337.62
Yogyakarta,2017,Reguler,-,SMAN 1 Bambanglipuro,-,Terendah,189.0
Yogyakarta,2017,Reguler,-,SMAN 1 Bambanglipuro,-,Tertinggi,362.0
Yogyakarta,2017,Reguler,-,SMAN 1 Bambanglipuro,-,Rata - Rata,272.28
Yogyakarta,2017,Reguler,-,SMAN 1 Wates,-,Terendah,303.5
Yogyakarta,2017,Reguler,-,SMAN 1 Wates,-,Tertinggi,406.5
Yogyakarta,2017,Reguler,-,SMAN 1 Wates,-,Rata - Rata,368.12
Yogyakarta,2017,Reguler,-,SMAN 1 Sentolo,-,Terendah,272.0
Yogyakarta,2017,Reguler,-,SMAN 1 Sentolo,-,Tertinggi,383.0
Yogyakarta,2017,Reguler,-,SMAN 1 Sentolo,-,Rata - Rata,305.79
Yogyakarta,2017,Reguler,-,SMAN 1 Galur,-,Terendah,173.0
Yogyakarta,2017,Reguler,-,SMAN 1 Galur,-,Tertinggi,311.5
Yogyakarta,2017,Reguler,-,SMAN 1 Galur,-,Rata - Rata,226.24
Yogyakarta,2017,Reguler,-,SMAN 1 Girimulyo,-,Terendah,173.0
Yogyakarta,2017,Reguler,-,SMAN 1 Girimulyo,-,Tertinggi,344.5
Yogyakarta,2017,Reguler,-,SMAN 1 Girimulyo,-,Rata - Rata,230.21
Yogyakarta,2017,Reguler,-,SMAN 1 Kalibawang,-,Terendah,184.5
Yogyakarta,2017,Reguler,-,SMAN 1 Kalibawang,-,Tertinggi,360.5
Yogyakarta,2017,Reguler,-,SMAN 1 Kalibawang,-,Rata - Rata,246.98
Yogyakarta,2017,Reguler,-,SMAN 1 Kokap,-,Terendah,129.0
Yogyakarta,2017,Reguler,-,SMAN 1 Kokap,-,Tertinggi,329.5
Yogyakarta,2017,Reguler,-,SMAN 1 Kokap,-,Rata - Rata,230.98
Yogyakarta,2017,Reguler,-,SMAN 1 Lendah,-,Terendah,227.0
Yogyakarta,2017,Reguler,-,SMAN 1 Lendah,-,Tertinggi,369.5
Yogyakarta,2017,Reguler,-,SMAN 1 Lendah,-,Rata - Rata,271.55
Yogyakarta,2017,Reguler,-,SMAN 1 Pengasih,-,Terendah,279.0
Yogyakarta,2017,Reguler,-,SMAN 1 Pengasih,-,Tertinggi,367.5
Yogyakarta,2017,Reguler,-,SMAN 1 Pengasih,-,Rata - Rata,326.92
Yogyakarta,2017,Reguler,-,SMAN 1 Samigaluh,-,Terendah,146.0
Yogyakarta,2017,Reguler,-,SMAN 1 Samigaluh,-,Tertinggi,360.5
Yogyakarta,2017,Reguler,-,SMAN 1 Samigaluh,-,Rata - Rata,245.39
Yogyakarta,2017,Reguler,-,SMAN 1 Semin,-,Terendah,216.0
Yogyakarta,2017,Reguler,-,SMAN 1 Semin,-,Tertinggi,368.5
Yogyakarta,2017,Reguler,-,SMAN 1 Semin,-,Rata - Rata,270.43
Yogyakarta,2017,Reguler,-,SMAN 1 Semanu,-,Terendah,166.0
Yogyakarta,2017,Reguler,-,SMAN 1 Semanu,-,Tertinggi,335.5
Yogyakarta,2017,Reguler,-,SMAN 1 Semanu,-,Rata - Rata,235.25
Yogyakarta,2017,Reguler,-,SMAN 1 Rongkop,-,Terendah,168.0
Yogyakarta,2017,Reguler,-,SMAN 1 Rongkop,-,Tertinggi,375.0
Yogyakarta,2017,Reguler,-,SMAN 1 Rongkop,-,Rata - Rata,241.27
Yogyakarta,2017,Reguler,-,SMAN 1 Playen,-,Terendah,148.5
Yogyakarta,2017,Reguler,-,SMAN 1 Playen,-,Tertinggi,322.0
Yogyakarta,2017,Reguler,-,SMAN 1 Playen,-,Rata - Rata,239.69
Yogyakarta,2017,Reguler,-,SMAN 1 Panggang,-,Terendah,167.5
Yogyakarta,2017,Reguler,-,SMAN 1 Panggang,-,Tertinggi,376.5
Yogyakarta,2017,Reguler,-,SMAN 1 Panggang,-,Rata - Rata,255.91
Yogyakarta,2017,Reguler,-,SMAN 1 Karangmojo,-,Terendah,233.0
Yogyakarta,2017,Reguler,-,SMAN 1 Karangmojo,-,Tertinggi,385.5
Yogyakarta,2017,Reguler,-,SMAN 1 Karangmojo,-,Rata - Rata,286.1
Yogyakarta,2017,Reguler,-,SMAN 2 Playen,-,Terendah,289.0
Yogyakarta,2017,Reguler,-,SMAN 2 Playen,-,Tertinggi,365.5
Yogyakarta,2017,Reguler,-,SMAN 2 Playen,-,Rata - Rata,323.67
Yogyakarta,2017,Reguler,-,SMAN 2 Wonosari,-,Terendah,328.5
Yogyakarta,2017,Reguler,-,SMAN 2 Wonosari,-,Tertinggi,393.5
Yogyakarta,2017,Reguler,-,SMAN 2 Wonosari,-,Rata - Rata,350.91
Yogyakarta,2017,Reguler,-,SMAN 1 Tanjungsari,-,Terendah,149.0
Yogyakarta,2017,Reguler,-,SMAN 1 Tanjungsari,-,Tertinggi,312.5
Yogyakarta,2017,Reguler,-,SMAN 1 Tanjungsari,-,Rata - Rata,226.38
Yogyakarta,2017,Reguler,-,SMAN 1 Turi Kab. Sleman,-,Terendah,259.0
Yogyakarta,2017,Reguler,-,SMAN 1 Turi Kab. Sleman,-,Tertinggi,374.5
Yogyakarta,2017,Reguler,-,SMAN 1 Turi Kab. Sleman,-,Rata - Rata,284.51
Yogyakarta,2017,Reguler,-,SMAN 1 Tempel Kab. Sleman,-,Terendah,241.0
Yogyakarta,2017,Reguler,-,SMAN 1 Tempel Kab. Sleman,-,Tertinggi,356.0
Yogyakarta,2017,Reguler,-,SMAN 1 Tempel Kab. Sleman,-,Rata - Rata,281.63
Yogyakarta,2017,Reguler,-,SMAN 1 Sleman Kab. Sleman,-,Terendah,346.5
Yogyakarta,2017,Reguler,-,SMAN 1 Sleman Kab. Sleman,-,Tertinggi,392.5
Yogyakarta,2017,Reguler,-,SMAN 1 Sleman Kab. Sleman,-,Rata - Rata,362.29
Yogyakarta,2017,Reguler,-,SMAN 1 Seyegan Kab. Sleman,-,Terendah,269.5
Yogyakarta,2017,Reguler,-,SMAN 1 Seyegan Kab. Sleman,-,Tertinggi,373.5
Yogyakarta,2017,Reguler,-,SMAN 1 Seyegan Kab. Sleman,-,Rata - Rata,328.48
Yogyakarta,2017,Reguler,-,SMAN 1 Prambanan Kab. Sleman,-,Terendah,296.5
Yogyakarta,2017,Reguler,-,SMAN 1 Prambanan Kab. Sleman,-,Tertinggi,364.5
Yogyakarta,2017,Reguler,-,SMAN 1 Prambanan Kab. Sleman,-,Rata - Rata,321.13
Yogyakarta,2017,Reguler,-,SMAN 1 Pakem Kab. Sleman,-,Terendah,311.5
Yogyakarta,2017,Reguler,-,SMAN 1 Pakem Kab. Sleman,-,Tertinggi,393.5
Yogyakarta,2017,Reguler,-,SMAN 1 Pakem Kab. Sleman,-,Rata - Rata,350.85
Yogyakarta,2017,Reguler,-,SMAN 1 Ngemplak Kab. Sleman,-,Terendah,273.0
Yogyakarta,2017,Reguler,-,SMAN 1 Ngemplak Kab. Sleman,-,Tertinggi,353.0
Yogyakarta,2017,Reguler,-,SMAN 1 Ngemplak Kab. Sleman,-,Rata - Rata,307.06
Yogyakarta,2017,Reguler,-,SMAN 1 Mlati Kab. Sleman,-,Terendah,328.0
Yogyakarta,2017,Reguler,-,SMAN 1 Mlati Kab. Sleman,-,Tertinggi,383.0
Yogyakarta,2017,Reguler,-,SMAN 1 Mlati Kab. Sleman,-,Rata - Rata,341.79
Yogyakarta,2017,Reguler,-,SMAN 1 Minggir Sleman,-,Terendah,223.5
Yogyakarta,2017,Reguler,-,SMAN 1 Minggir Sleman,-,Tertinggi,349.0
Yogyakarta,2017,Reguler,-,SMAN 1 Minggir Sleman,-,Rata - Rata,259.98
Yogyakarta,2017,Reguler,-,SMAN 2 Ngaglik Kab. Sleman,-,Terendah,320.0
Yogyakarta,2017,Reguler,-,SMAN 2 Ngaglik Kab. Sleman,-,Tertinggi,375.0
Yogyakarta,2017,Reguler,-,SMAN 2 Ngaglik Kab. Sleman,-,Rata - Rata,335.86
Yogyakarta,2017,Reguler,-,SMAN 2 Sleman,-,Terendah,300.0
Yogyakarta,2017,Reguler,-,SMAN 2 Sleman,-,Tertinggi,366.5
Yogyakarta,2017,Reguler,-,SMAN 2 Sleman,-,Rata - Rata,323.21
Yogyakarta,2017,Reguler,-,SMAN 1 Kalasan Kab. Sleman,-,Terendah,341.5
Yogyakarta,2017,Reguler,-,SMAN 1 Kalasan Kab. Sleman,-,Tertinggi,400.0
Yogyakarta,2017,Reguler,-,SMAN 1 Kalasan Kab. Sleman,-,Rata - Rata,361.37
Yogyakarta,2017,Reguler,-,SMAN 1 Godean Kab. Sleman,-,Terendah,339.5
Yogyakarta,2017,Reguler,-,SMAN 1 Godean Kab. Sleman,-,Tertinggi,388.5
Yogyakarta,2017,Reguler,-,SMAN 1 Godean Kab. Sleman,-,Rata - Rata,365.37
Yogyakarta,2017,Reguler,-,SMAN 1 Gamping Kab Sleman,-,Terendah,297.5
Yogyakarta,2017,Reguler,-,SMAN 1 Gamping Kab Sleman,-,Tertinggi,369.5
Yogyakarta,2017,Reguler,-,SMAN 1 Gamping Kab Sleman,-,Rata - Rata,314.28
Yogyakarta,2017,Reguler,-,SMAN 1 Cangkringan Kab Sleman,-,Terendah,251.5
Yogyakarta,2017,Reguler,-,SMAN 1 Cangkringan Kab Sleman,-,Tertinggi,358.5
Yogyakarta,2017,Reguler,-,SMAN 1 Cangkringan Kab Sleman,-,Rata - Rata,283.81
